Algorithm,Allocation,Processes,MessageSize,Latency,MinLatency,MaxLatency
Linear,core,2,1,0.19,0.10,0.29
Linear,core,2,2,0.20,0.11,0.29
Linear,core,2,4,0.19,0.10,0.28
Linear,core,2,8,0.19,0.10,0.28
Linear,core,2,16,0.19,0.10,0.28
Linear,core,2,32,0.23,0.10,0.35
Linear,core,2,64,0.24,0.11,0.37
Linear,core,2,128,0.31,0.14,0.47
Linear,core,2,256,0.31,0.15,0.47
Linear,core,2,512,0.35,0.16,0.55
Linear,core,2,1024,0.41,0.19,0.63
Linear,core,2,2048,0.55,0.21,0.89
Linear,core,2,4096,0.83,0.37,1.29
Linear,core,2,8192,1.33,0.65,2.01
Linear,core,2,16384,3.02,2.96,3.08
Linear,core,2,32768,5.22,5.11,5.32
Linear,core,2,65536,6.84,6.74,6.93
Linear,core,2,131072,10.23,10.12,10.34
Linear,core,2,262144,16.48,16.41,16.55
Linear,core,2,524288,31.61,31.53,31.68
Linear,core,2,1048576,67.24,67.23,67.26
Linear,core,4,1,0.32,0.19,0.41
Linear,core,4,2,0.32,0.19,0.40
Linear,core,4,4,0.32,0.18,0.39
Linear,core,4,8,0.32,0.19,0.40
Linear,core,4,16,0.32,0.19,0.40
Linear,core,4,32,0.40,0.20,0.54
Linear,core,4,64,0.38,0.19,0.51
Linear,core,4,128,0.52,0.28,0.71
Linear,core,4,256,0.55,0.31,0.71
Linear,core,4,512,0.62,0.31,0.87
Linear,core,4,1024,0.82,0.41,1.16
Linear,core,4,2048,1.14,0.54,1.65
Linear,core,4,4096,1.75,0.91,2.48
Linear,core,4,8192,2.78,1.55,3.92
Linear,core,4,16384,6.68,4.11,9.02
Linear,core,4,32768,10.92,6.65,14.73
Linear,core,4,65536,16.54,9.83,22.11
Linear,core,4,131072,28.08,16.50,37.18
Linear,core,4,262144,50.36,29.36,66.30
Linear,core,4,524288,95.42,56.96,124.94
Linear,core,4,1048576,190.52,117.00,248.33
Linear,core,6,1,0.46,0.22,0.70
Linear,core,6,2,0.45,0.22,0.69
Linear,core,6,4,0.44,0.22,0.68
Linear,core,6,8,0.44,0.22,0.68
Linear,core,6,16,0.44,0.22,0.67
Linear,core,6,32,0.53,0.23,0.78
Linear,core,6,64,0.55,0.25,0.79
Linear,core,6,128,0.77,0.45,1.04
Linear,core,6,256,0.81,0.48,1.07
Linear,core,6,512,0.87,0.46,1.15
Linear,core,6,1024,1.14,0.63,1.45
Linear,core,6,2048,1.58,0.89,2.09
Linear,core,6,4096,2.49,1.52,3.25
Linear,core,6,8192,3.77,2.48,4.98
Linear,core,6,16384,8.83,5.59,11.94
Linear,core,6,32768,15.38,9.19,20.69
Linear,core,6,65536,27.51,17.41,36.43
Linear,core,6,131072,51.67,33.19,68.03
Linear,core,6,262144,98.47,64.39,128.29
Linear,core,6,524288,190.20,126.39,246.70
Linear,core,6,1048576,340.99,236.88,439.30
Linear,core,8,1,0.71,0.34,1.08
Linear,core,8,2,0.70,0.34,1.06
Linear,core,8,4,0.69,0.35,1.04
Linear,core,8,8,0.69,0.34,1.04
Linear,core,8,16,0.69,0.33,1.07
Linear,core,8,32,0.81,0.39,1.27
Linear,core,8,64,0.82,0.39,1.27
Linear,core,8,128,1.14,0.69,1.60
Linear,core,8,256,1.16,0.71,1.63
Linear,core,8,512,1.26,0.73,1.81
Linear,core,8,1024,1.53,0.88,2.17
Linear,core,8,2048,2.02,1.14,2.88
Linear,core,8,4096,2.93,1.70,4.10
Linear,core,8,8192,4.39,2.63,6.11
Linear,core,8,16384,10.90,5.88,15.49
Linear,core,8,32768,17.98,10.07,24.95
Linear,core,8,65536,32.54,17.64,45.08
Linear,core,8,131072,60.63,33.01,83.88
Linear,core,8,262144,119.97,65.23,165.90
Linear,core,8,524288,233.95,129.90,322.20
Linear,core,8,1048576,415.03,190.13,588.73
Linear,core,10,1,0.82,0.35,1.13
Linear,core,10,2,0.82,0.36,1.13
Linear,core,10,4,0.82,0.35,1.12
Linear,core,10,8,0.81,0.35,1.11
Linear,core,10,16,0.82,0.36,1.12
Linear,core,10,32,0.98,0.42,1.38
Linear,core,10,64,0.97,0.40,1.38
Linear,core,10,128,1.26,0.72,1.64
Linear,core,10,256,1.28,0.74,1.65
Linear,core,10,512,1.38,0.74,1.84
Linear,core,10,1024,1.70,0.99,2.21
Linear,core,10,2048,2.21,1.32,2.89
Linear,core,10,4096,3.25,2.09,4.17
Linear,core,10,8192,4.79,3.31,6.08
Linear,core,10,16384,11.64,6.93,16.59
Linear,core,10,32768,20.37,12.33,28.66
Linear,core,10,65536,35.85,20.15,51.65
Linear,core,10,131072,62.81,36.89,88.62
Linear,core,10,262144,129.83,74.09,185.00
Linear,core,10,524288,260.83,148.99,373.46
Linear,core,10,1048576,511.67,296.63,741.18
Linear,core,12,1,0.86,0.39,1.32
Linear,core,12,2,0.86,0.39,1.32
Linear,core,12,4,0.85,0.38,1.30
Linear,core,12,8,0.84,0.38,1.27
Linear,core,12,16,0.85,0.40,1.29
Linear,core,12,32,1.02,0.45,1.54
Linear,core,12,64,1.00,0.41,1.53
Linear,core,12,128,1.35,0.80,1.83
Linear,core,12,256,1.39,0.80,1.88
Linear,core,12,512,1.47,0.81,2.02
Linear,core,12,1024,1.86,1.08,2.44
Linear,core,12,2048,2.41,1.39,3.16
Linear,core,12,4096,3.56,2.13,4.80
Linear,core,12,8192,5.24,3.35,7.10
Linear,core,12,16384,12.82,7.38,18.28
Linear,core,12,32768,23.06,12.48,33.03
Linear,core,12,65536,41.60,21.87,59.65
Linear,core,12,131072,77.95,40.17,112.18
Linear,core,12,262144,149.98,76.99,215.47
Linear,core,12,524288,294.37,152.83,422.69
Linear,core,12,1048576,554.66,298.69,797.92
Linear,core,14,1,0.76,0.21,1.39
Linear,core,14,2,0.75,0.22,1.38
Linear,core,14,4,0.75,0.22,1.37
Linear,core,14,8,0.75,0.22,1.37
Linear,core,14,16,0.75,0.21,1.36
Linear,core,14,32,0.95,0.28,1.62
Linear,core,14,64,0.91,0.26,1.60
Linear,core,14,128,1.35,0.64,1.95
Linear,core,14,256,1.40,0.70,2.09
Linear,core,14,512,1.49,0.73,2.34
Linear,core,14,1024,1.89,1.15,2.94
Linear,core,14,2048,2.53,1.56,3.99
Linear,core,14,4096,3.81,2.36,5.89
Linear,core,14,8192,5.89,3.58,9.15
Linear,core,14,16384,14.42,7.21,19.71
Linear,core,14,32768,25.68,12.00,36.17
Linear,core,14,65536,47.87,20.98,68.18
Linear,core,14,131072,90.80,38.08,129.79
Linear,core,14,262144,177.53,74.82,254.04
Linear,core,14,524288,344.95,147.74,495.99
Linear,core,14,1048576,611.78,239.91,877.01
Linear,core,16,1,1.16,0.66,1.78
Linear,core,16,2,1.15,0.67,1.75
Linear,core,16,4,1.15,0.67,1.74
Linear,core,16,8,1.14,0.67,1.74
Linear,core,16,16,1.14,0.74,1.73
Linear,core,16,32,1.40,0.72,2.29
Linear,core,16,64,1.40,0.72,2.27
Linear,core,16,128,2.00,1.28,3.03
Linear,core,16,256,2.02,1.30,3.08
Linear,core,16,512,2.13,1.31,3.41
Linear,core,16,1024,2.50,1.48,3.92
Linear,core,16,2048,3.23,1.89,5.12
Linear,core,16,4096,4.66,2.62,7.17
Linear,core,16,8192,7.06,3.84,10.94
Linear,core,16,16384,17.70,7.48,26.09
Linear,core,16,32768,29.95,12.02,43.72
Linear,core,16,65536,55.53,21.31,81.39
Linear,core,16,131072,104.42,39.55,153.00
Linear,core,16,262144,204.81,76.42,303.48
Linear,core,16,524288,403.38,153.14,603.65
Linear,core,16,1048576,724.28,244.87,1113.62
Linear,core,18,1,2.26,0.86,3.03
Linear,core,18,2,2.25,0.85,2.99
Linear,core,18,4,2.23,0.85,2.97
Linear,core,18,8,2.22,0.84,2.96
Linear,core,18,16,2.26,0.86,2.99
Linear,core,18,32,2.51,0.92,3.56
Linear,core,18,64,2.50,0.90,3.52
Linear,core,18,128,2.96,1.47,4.01
Linear,core,18,256,2.99,1.51,4.03
Linear,core,18,512,3.14,1.61,4.38
Linear,core,18,1024,3.58,1.99,4.91
Linear,core,18,2048,4.38,2.59,6.16
Linear,core,18,4096,5.98,3.97,8.35
Linear,core,18,8192,9.03,6.49,12.72
Linear,core,18,16384,21.59,11.28,31.65
Linear,core,18,32768,38.21,18.26,57.28
Linear,core,18,65536,70.94,33.50,104.02
Linear,core,18,131072,136.11,61.86,201.08
Linear,core,18,262144,263.65,116.02,393.03
Linear,core,18,524288,499.84,231.13,735.47
Linear,core,18,1048576,905.40,434.14,1307.97
Linear,core,20,1,2.38,0.98,3.35
Linear,core,20,2,2.15,0.87,3.13
Linear,core,20,4,2.15,0.86,3.14
Linear,core,20,8,2.15,0.88,3.13
Linear,core,20,16,2.15,0.90,3.11
Linear,core,20,32,2.42,0.94,3.64
Linear,core,20,64,2.39,0.93,3.57
Linear,core,20,128,2.96,1.56,4.13
Linear,core,20,256,2.98,1.60,4.14
Linear,core,20,512,3.17,1.68,4.48
Linear,core,20,1024,3.65,2.05,5.01
Linear,core,20,2048,4.44,2.59,6.19
Linear,core,20,4096,6.19,3.97,8.51
Linear,core,20,8192,9.31,6.45,12.51
Linear,core,20,16384,24.32,11.77,36.90
Linear,core,20,32768,43.30,18.94,66.51
Linear,core,20,65536,81.74,33.63,124.95
Linear,core,20,131072,157.80,64.32,242.87
Linear,core,20,262144,302.74,119.38,470.51
Linear,core,20,524288,579.65,226.37,910.11
Linear,core,20,1048576,997.54,387.36,1537.60
Linear,core,22,1,1.98,0.84,3.13
Linear,core,22,2,1.94,0.84,3.06
Linear,core,22,4,1.93,0.84,3.06
Linear,core,22,8,1.94,0.83,3.07
Linear,core,22,16,1.94,0.85,3.05
Linear,core,22,32,2.21,0.91,3.50
Linear,core,22,64,2.19,0.89,3.45
Linear,core,22,128,2.84,1.52,3.93
Linear,core,22,256,2.88,1.55,3.95
Linear,core,22,512,3.15,1.78,4.36
Linear,core,22,1024,3.74,2.16,5.03
Linear,core,22,2048,4.58,2.72,6.31
Linear,core,22,4096,6.63,4.19,9.07
Linear,core,22,8192,9.73,6.54,13.25
Linear,core,22,16384,23.24,11.11,34.22
Linear,core,22,32768,42.55,18.74,61.19
Linear,core,22,65536,81.37,33.72,120.92
Linear,core,22,131072,153.75,57.71,234.37
Linear,core,22,262144,299.27,111.94,454.65
Linear,core,22,524288,586.13,221.25,895.02
Linear,core,22,1048576,1047.85,418.17,1572.57
Linear,core,24,1,1.88,0.88,3.10
Linear,core,24,2,1.89,0.87,3.11
Linear,core,24,4,1.87,0.86,3.10
Linear,core,24,8,1.87,0.87,3.10
Linear,core,24,16,1.87,0.91,3.06
Linear,core,24,32,2.20,0.94,3.57
Linear,core,24,64,2.15,0.91,3.47
Linear,core,24,128,3.01,1.62,4.24
Linear,core,24,256,3.03,1.67,4.24
Linear,core,24,512,3.25,1.76,4.58
Linear,core,24,1024,3.94,2.20,5.38
Linear,core,24,2048,4.87,2.76,6.82
Linear,core,24,4096,7.31,4.45,10.10
Linear,core,24,8192,10.55,6.71,14.67
Linear,core,24,16384,24.05,10.89,36.47
Linear,core,24,32768,43.01,17.90,65.11
Linear,core,24,65536,83.34,32.38,128.28
Linear,core,24,131072,164.10,59.93,253.23
Linear,core,24,262144,314.38,110.65,487.39
Linear,core,24,524288,602.94,221.05,908.06
Linear,core,24,1048576,1081.70,416.04,1587.54
Linear,core,26,1,1.56,0.21,2.94
Linear,core,26,2,1.53,0.19,2.86
Linear,core,26,4,1.56,0.20,2.89
Linear,core,26,8,1.53,0.19,2.86
Linear,core,26,16,1.58,0.23,2.87
Linear,core,26,32,1.86,0.21,3.40
Linear,core,26,64,1.85,0.23,3.34
Linear,core,26,128,2.62,0.60,4.08
Linear,core,26,256,2.69,0.70,4.13
Linear,core,26,512,2.90,0.71,4.45
Linear,core,26,1024,3.64,1.08,5.32
Linear,core,26,2048,4.71,1.77,6.68
Linear,core,26,4096,6.88,2.88,9.78
Linear,core,26,8192,10.34,4.72,14.89
Linear,core,26,16384,24.24,9.95,36.18
Linear,core,26,32768,42.80,17.29,63.34
Linear,core,26,65536,81.73,31.56,123.42
Linear,core,26,131072,160.36,59.42,243.74
Linear,core,26,262144,309.30,109.74,473.60
Linear,core,26,524288,593.49,217.99,913.71
Linear,core,26,1048576,975.49,432.91,1459.63
Linear,core,28,1,1.60,0.21,3.15
Linear,core,28,2,1.60,0.21,3.16
Linear,core,28,4,1.59,0.21,3.13
Linear,core,28,8,1.59,0.21,3.14
Linear,core,28,16,1.62,0.23,3.13
Linear,core,28,32,1.89,0.25,3.64
Linear,core,28,64,1.97,0.24,3.67
Linear,core,28,128,2.57,0.67,4.19
Linear,core,28,256,2.65,0.72,4.27
Linear,core,28,512,2.84,0.76,4.53
Linear,core,28,1024,3.52,1.12,5.29
Linear,core,28,2048,4.74,1.93,6.76
Linear,core,28,4096,6.99,3.38,9.48
Linear,core,28,8192,10.64,5.56,14.29
Linear,core,28,16384,24.81,10.01,37.53
Linear,core,28,32768,43.70,17.94,66.09
Linear,core,28,65536,83.20,32.00,129.96
Linear,core,28,131072,156.82,59.25,238.56
Linear,core,28,262144,305.85,111.80,456.03
Linear,core,28,524288,615.38,224.43,913.63
Linear,core,28,1048576,1102.20,454.21,1605.14
Linear,core,30,1,1.50,0.19,3.37
Linear,core,30,2,1.49,0.20,3.37
Linear,core,30,4,1.49,0.19,3.36
Linear,core,30,8,1.51,0.22,3.39
Linear,core,30,16,1.51,0.19,3.35
Linear,core,30,32,1.80,0.22,3.89
Linear,core,30,64,1.89,0.22,3.86
Linear,core,30,128,2.66,0.78,4.52
Linear,core,30,256,2.77,0.88,4.55
Linear,core,30,512,3.11,0.95,5.11
Linear,core,30,1024,3.71,1.30,5.72
Linear,core,30,2048,4.89,2.00,7.62
Linear,core,30,4096,7.20,3.28,10.83
Linear,core,30,8192,10.86,5.26,16.27
Linear,core,30,16384,25.58,10.06,38.69
Linear,core,30,32768,44.87,17.69,68.21
Linear,core,30,65536,85.16,31.88,131.15
Linear,core,30,131072,166.71,58.76,253.49
Linear,core,30,262144,319.74,110.29,481.06
Linear,core,30,524288,618.61,217.03,932.82
Linear,core,30,1048576,1115.26,465.26,1627.21
Linear,core,32,1,2.09,0.92,3.71
Linear,core,32,2,2.09,0.91,3.69
Linear,core,32,4,2.08,0.91,3.67
Linear,core,32,8,2.08,0.91,3.67
Linear,core,32,16,2.10,0.92,3.68
Linear,core,32,32,2.42,0.99,4.27
Linear,core,32,64,2.52,1.02,4.54
Linear,core,32,128,3.29,1.78,5.35
Linear,core,32,256,3.53,1.87,5.75
Linear,core,32,512,3.83,2.00,6.36
Linear,core,32,1024,4.52,2.34,7.44
Linear,core,32,2048,6.01,2.91,10.43
Linear,core,32,4096,8.23,4.69,13.31
Linear,core,32,8192,12.10,6.88,19.37
Linear,core,32,16384,27.11,11.15,44.82
Linear,core,32,32768,46.73,17.77,75.30
Linear,core,32,65536,87.54,31.13,140.54
Linear,core,32,131072,170.31,56.40,265.40
Linear,core,32,262144,327.71,110.41,504.18
Linear,core,32,524288,636.71,219.66,952.84
Linear,core,32,1048576,1146.80,434.47,1648.39
Linear,core,34,1,3.98,0.94,4.95
Linear,core,34,2,3.93,0.94,4.83
Linear,core,34,4,3.95,0.94,4.89
Linear,core,34,8,3.91,0.93,4.83
Linear,core,34,16,3.94,0.95,4.89
Linear,core,34,32,4.35,1.02,5.93
Linear,core,34,64,4.34,1.01,5.61
Linear,core,34,128,5.14,1.98,6.54
Linear,core,34,256,5.48,2.04,7.24
Linear,core,34,512,5.69,2.13,7.65
Linear,core,34,1024,6.41,2.68,8.71
Linear,core,34,2048,7.67,3.45,10.94
Linear,core,34,4096,10.20,4.89,14.98
Linear,core,34,8192,14.37,7.51,21.74
Linear,core,34,16384,29.61,8.86,48.85
Linear,core,34,32768,48.96,10.91,80.33
Linear,core,34,65536,87.14,14.83,142.83
Linear,core,34,131072,168.18,19.54,270.46
Linear,core,34,262144,323.50,30.90,519.75
Linear,core,34,524288,624.32,52.59,985.02
Linear,core,34,1048576,1129.39,95.90,1720.93
Linear,core,36,1,3.59,0.88,4.52
Linear,core,36,2,3.59,0.89,4.53
Linear,core,36,4,3.59,0.88,4.53
Linear,core,36,8,3.58,0.88,4.52
Linear,core,36,16,3.59,0.88,4.53
Linear,core,36,32,4.07,0.99,5.62
Linear,core,36,64,3.97,0.97,5.15
Linear,core,36,128,4.91,1.97,6.28
Linear,core,36,256,5.26,2.04,7.00
Linear,core,36,512,5.49,2.19,7.40
Linear,core,36,1024,6.16,2.62,8.40
Linear,core,36,2048,7.60,3.58,10.64
Linear,core,36,4096,10.22,5.06,14.78
Linear,core,36,8192,14.64,7.48,22.58
Linear,core,36,16384,29.18,8.84,49.30
Linear,core,36,32768,48.43,10.95,81.49
Linear,core,36,65536,87.39,14.92,145.95
Linear,core,36,131072,165.70,19.62,268.25
Linear,core,36,262144,317.82,30.88,509.57
Linear,core,36,524288,614.99,52.43,965.99
Linear,core,36,1048576,1130.87,95.93,1740.21
Linear,core,38,1,3.43,0.96,4.50
Linear,core,38,2,3.38,0.96,4.42
Linear,core,38,4,3.41,0.96,4.46
Linear,core,38,8,3.36,0.94,4.42
Linear,core,38,16,3.43,1.06,4.41
Linear,core,38,32,3.80,1.03,5.17
Linear,core,38,64,3.69,0.99,4.90
Linear,core,38,128,4.54,1.93,5.84
Linear,core,38,256,5.09,2.05,6.66
Linear,core,38,512,5.11,2.20,6.72
Linear,core,38,1024,5.86,2.63,7.78
Linear,core,38,2048,7.27,3.55,9.95
Linear,core,38,4096,9.93,5.06,14.24
Linear,core,38,8192,14.17,7.70,21.50
Linear,core,38,16384,29.57,9.36,49.24
Linear,core,38,32768,48.71,11.29,81.07
Linear,core,38,65536,86.82,15.21,144.66
Linear,core,38,131072,168.13,20.02,273.11
Linear,core,38,262144,320.76,31.11,521.16
Linear,core,38,524288,615.70,52.73,995.55
Linear,core,38,1048576,1130.35,96.09,1752.94
Linear,core,40,1,3.34,0.97,4.61
Linear,core,40,2,3.30,0.95,4.53
Linear,core,40,4,3.32,0.95,4.56
Linear,core,40,8,3.29,0.96,4.52
Linear,core,40,16,3.35,1.03,4.57
Linear,core,40,32,3.61,1.02,5.02
Linear,core,40,64,3.57,0.83,4.97
Linear,core,40,128,4.49,1.83,5.98
Linear,core,40,256,5.04,2.02,6.90
Linear,core,40,512,5.01,2.04,6.85
Linear,core,40,1024,5.80,2.54,7.99
Linear,core,40,2048,6.99,3.21,9.81
Linear,core,40,4096,9.64,4.78,14.54
Linear,core,40,8192,14.37,7.53,22.74
Linear,core,40,16384,29.86,8.91,49.86
Linear,core,40,32768,49.81,11.01,81.96
Linear,core,40,65536,89.06,15.09,144.80
Linear,core,40,131072,171.29,20.05,270.57
Linear,core,40,262144,330.78,31.18,515.96
Linear,core,40,524288,645.87,52.67,991.98
Linear,core,40,1048576,1199.32,96.23,1801.25
Linear,core,42,1,3.08,0.75,4.46
Linear,core,42,2,3.05,0.73,4.39
Linear,core,42,4,3.06,0.74,4.40
Linear,core,42,8,3.04,0.74,4.38
Linear,core,42,16,3.05,0.74,4.39
Linear,core,42,32,3.42,0.97,4.99
Linear,core,42,64,3.44,0.86,4.99
Linear,core,42,128,4.26,1.48,5.90
Linear,core,42,256,4.74,1.84,6.76
Linear,core,42,512,4.78,1.91,6.78
Linear,core,42,1024,5.52,2.20,7.81
Linear,core,42,2048,6.85,2.67,9.87
Linear,core,42,4096,9.72,4.21,15.06
Linear,core,42,8192,14.73,6.26,23.51
Linear,core,42,16384,29.26,8.73,48.89
Linear,core,42,32768,48.76,10.93,80.12
Linear,core,42,65536,89.61,14.94,146.26
Linear,core,42,131072,177.17,19.99,276.03
Linear,core,42,262144,339.54,31.01,523.32
Linear,core,42,524288,670.06,52.67,1015.44
Linear,core,42,1048576,1263.29,95.94,1889.15
Linear,core,44,1,3.00,0.67,4.52
Linear,core,44,2,3.01,0.68,4.53
Linear,core,44,4,2.99,0.67,4.49
Linear,core,44,8,2.98,0.67,4.47
Linear,core,44,16,3.00,0.71,4.47
Linear,core,44,32,3.33,0.96,5.00
Linear,core,44,64,3.43,0.85,5.05
Linear,core,44,128,4.27,1.61,5.96
Linear,core,44,256,4.74,1.95,6.80
Linear,core,44,512,4.82,2.06,6.88
Linear,core,44,1024,5.63,2.36,8.04
Linear,core,44,2048,6.91,2.78,10.13
Linear,core,44,4096,10.22,4.53,16.01
Linear,core,44,8192,15.60,6.30,24.85
Linear,core,44,16384,29.72,8.76,48.77
Linear,core,44,32768,50.46,10.97,82.70
Linear,core,44,65536,91.85,14.99,148.32
Linear,core,44,131072,185.44,20.02,285.33
Linear,core,44,262144,361.86,31.25,549.57
Linear,core,44,524288,717.00,53.00,1081.50
Linear,core,44,1048576,1370.73,95.91,2057.76
Linear,core,46,1,2.82,0.77,4.52
Linear,core,46,2,2.79,0.76,4.48
Linear,core,46,4,2.80,0.77,4.49
Linear,core,46,8,2.80,0.75,4.49
Linear,core,46,16,2.80,0.81,4.47
Linear,core,46,32,3.15,0.87,5.07
Linear,core,46,64,3.37,0.82,5.16
Linear,core,46,128,4.07,1.58,6.03
Linear,core,46,256,4.66,1.94,7.06
Linear,core,46,512,4.72,2.02,7.01
Linear,core,46,1024,5.59,2.37,8.38
Linear,core,46,2048,7.09,2.83,10.78
Linear,core,46,4096,10.57,4.50,16.84
Linear,core,46,8192,16.64,6.64,26.53
Linear,core,46,16384,30.24,8.80,48.59
Linear,core,46,32768,52.25,10.96,84.74
Linear,core,46,65536,96.90,15.22,157.41
Linear,core,46,131072,197.71,19.88,303.76
Linear,core,46,262144,385.43,31.08,586.07
Linear,core,46,524288,759.00,52.81,1145.07
Linear,core,46,1048576,1508.00,96.14,2236.45
Linear,core,48,1,2.98,1.04,4.79
Linear,core,48,2,2.98,1.03,4.78
Linear,core,48,4,2.98,1.03,4.78
Linear,core,48,8,2.97,1.02,4.77
Linear,core,48,16,2.97,1.02,4.76
Linear,core,48,32,3.32,1.19,5.41
Linear,core,48,64,3.55,1.12,5.54
Linear,core,48,128,4.44,1.85,6.62
Linear,core,48,256,4.55,2.02,6.77
Linear,core,48,512,4.82,2.07,7.15
Linear,core,48,1024,5.72,2.46,8.48
Linear,core,48,2048,7.27,3.04,11.24
Linear,core,48,4096,10.95,4.65,17.61
Linear,core,48,8192,17.35,6.64,27.95
Linear,core,48,16384,31.32,8.74,51.00
Linear,core,48,32768,54.57,10.91,91.37
Linear,core,48,65536,101.17,14.87,169.14
Linear,core,48,131072,205.80,20.18,322.32
Linear,core,48,262144,404.72,31.39,626.92
Linear,core,48,524288,802.81,53.06,1233.93
Linear,core,48,1048576,1556.97,95.96,2380.32
Linear,socket,2,1,0.43,0.17,0.69
Linear,socket,2,2,0.40,0.15,0.66
Linear,socket,2,4,0.38,0.13,0.63
Linear,socket,2,8,0.37,0.12,0.62
Linear,socket,2,16,0.36,0.12,0.61
Linear,socket,2,32,0.52,0.16,0.88
Linear,socket,2,64,0.48,0.12,0.83
Linear,socket,2,128,0.77,0.28,1.27
Linear,socket,2,256,0.81,0.29,1.32
Linear,socket,2,512,0.90,0.31,1.50
Linear,socket,2,1024,1.03,0.45,1.62
Linear,socket,2,2048,1.38,0.53,2.22
Linear,socket,2,4096,2.03,1.07,3.00
Linear,socket,2,8192,3.25,1.87,4.63
Linear,socket,2,16384,3.63,3.50,3.77
Linear,socket,2,32768,5.86,5.62,6.10
Linear,socket,2,65536,7.45,7.22,7.68
Linear,socket,2,131072,10.84,10.61,11.08
Linear,socket,2,262144,17.38,17.24,17.52
Linear,socket,2,524288,32.28,32.10,32.46
Linear,socket,2,1048576,67.10,67.01,67.18
Linear,socket,4,1,0.58,0.34,0.81
Linear,socket,4,2,0.56,0.33,0.78
Linear,socket,4,4,0.55,0.33,0.77
Linear,socket,4,8,0.56,0.33,0.78
Linear,socket,4,16,0.55,0.33,0.77
Linear,socket,4,32,0.83,0.50,1.09
Linear,socket,4,64,0.83,0.49,1.09
Linear,socket,4,128,1.09,0.71,1.35
Linear,socket,4,256,1.14,0.73,1.42
Linear,socket,4,512,1.28,0.77,1.64
Linear,socket,4,1024,1.55,0.93,1.99
Linear,socket,4,2048,2.42,1.57,3.04
Linear,socket,4,4096,3.34,2.11,4.27
Linear,socket,4,8192,5.18,3.34,6.69
Linear,socket,4,16384,9.44,6.81,11.88
Linear,socket,4,32768,15.11,10.87,19.01
Linear,socket,4,65536,22.87,16.76,28.35
Linear,socket,4,131072,39.73,29.54,48.60
Linear,socket,4,262144,70.55,53.24,85.44
Linear,socket,4,524288,131.69,102.10,158.23
Linear,socket,4,1048576,253.56,201.21,301.87
Linear,socket,6,1,0.83,0.48,1.22
Linear,socket,6,2,0.78,0.46,1.18
Linear,socket,6,4,0.76,0.44,1.14
Linear,socket,6,8,0.76,0.44,1.15
Linear,socket,6,16,0.76,0.44,1.13
Linear,socket,6,32,0.94,0.49,1.40
Linear,socket,6,64,0.96,0.50,1.43
Linear,socket,6,128,1.44,0.91,2.03
Linear,socket,6,256,1.49,0.92,2.08
Linear,socket,6,512,1.66,0.99,2.30
Linear,socket,6,1024,2.01,1.20,2.65
Linear,socket,6,2048,3.02,1.95,3.69
Linear,socket,6,4096,4.11,2.68,5.07
Linear,socket,6,8192,6.16,4.24,7.75
Linear,socket,6,16384,11.88,8.23,15.29
Linear,socket,6,32768,20.72,15.03,25.97
Linear,socket,6,65536,38.08,28.38,46.76
Linear,socket,6,131072,71.29,54.15,86.53
Linear,socket,6,262144,138.82,106.40,167.53
Linear,socket,6,524288,261.37,203.24,313.98
Linear,socket,6,1048576,500.98,391.57,601.97
Linear,socket,8,1,1.03,0.58,1.50
Linear,socket,8,2,0.96,0.54,1.38
Linear,socket,8,4,0.98,0.53,1.43
Linear,socket,8,8,0.98,0.52,1.47
Linear,socket,8,16,0.99,0.53,1.46
Linear,socket,8,32,1.49,0.70,2.41
Linear,socket,8,64,1.36,0.64,2.15
Linear,socket,8,128,1.89,1.13,2.65
Linear,socket,8,256,1.91,1.14,2.66
Linear,socket,8,512,2.15,1.14,3.16
Linear,socket,8,1024,2.52,1.37,3.64
Linear,socket,8,2048,3.36,2.00,4.63
Linear,socket,8,4096,4.61,2.84,6.26
Linear,socket,8,8192,6.89,4.39,9.15
Linear,socket,8,16384,13.64,7.96,19.13
Linear,socket,8,32768,21.94,13.38,29.92
Linear,socket,8,65536,39.57,25.14,52.44
Linear,socket,8,131072,76.13,49.23,99.83
Linear,socket,8,262144,152.49,98.80,198.86
Linear,socket,8,524288,299.14,197.64,388.24
Linear,socket,8,1048576,527.24,308.22,695.80
Linear,socket,10,1,1.19,0.55,1.73
Linear,socket,10,2,1.15,0.54,1.63
Linear,socket,10,4,1.20,0.55,1.74
Linear,socket,10,8,1.17,0.54,1.69
Linear,socket,10,16,1.20,0.55,1.75
Linear,socket,10,32,1.60,0.59,2.60
Linear,socket,10,64,1.60,0.57,2.63
Linear,socket,10,128,2.03,1.14,2.81
Linear,socket,10,256,2.08,1.18,2.86
Linear,socket,10,512,2.42,1.25,3.45
Linear,socket,10,1024,2.86,1.60,3.93
Linear,socket,10,2048,3.94,2.36,5.30
Linear,socket,10,4096,5.20,3.30,6.86
Linear,socket,10,8192,7.57,5.12,9.81
Linear,socket,10,16384,14.93,9.05,21.24
Linear,socket,10,32768,23.92,14.95,33.18
Linear,socket,10,65536,46.52,28.09,64.27
Linear,socket,10,131072,87.00,55.21,119.59
Linear,socket,10,262144,168.89,106.90,230.23
Linear,socket,10,524288,329.19,215.58,443.07
Linear,socket,10,1048576,625.75,399.26,851.40
Linear,socket,12,1,1.39,0.54,2.36
Linear,socket,12,2,1.33,0.55,2.15
Linear,socket,12,4,1.29,0.53,2.06
Linear,socket,12,8,1.28,0.54,2.04
Linear,socket,12,16,1.27,0.54,2.05
Linear,socket,12,32,1.59,0.63,2.58
Linear,socket,12,64,1.54,0.56,2.53
Linear,socket,12,128,2.16,1.16,3.08
Linear,socket,12,256,2.21,1.18,3.12
Linear,socket,12,512,2.41,1.23,3.49
Linear,socket,12,1024,2.92,1.59,4.00
Linear,socket,12,2048,3.96,2.38,5.22
Linear,socket,12,4096,5.40,3.36,7.13
Linear,socket,12,8192,7.83,5.10,10.52
Linear,socket,12,16384,15.99,9.98,23.15
Linear,socket,12,32768,26.25,16.37,37.92
Linear,socket,12,65536,47.75,28.95,68.64
Linear,socket,12,131072,93.03,55.66,131.04
Linear,socket,12,262144,181.72,107.22,251.48
Linear,socket,12,524288,357.52,213.92,491.81
Linear,socket,12,1048576,675.94,398.19,929.56
Linear,socket,14,1,1.09,0.55,1.91
Linear,socket,14,2,1.10,0.56,1.95
Linear,socket,14,4,1.07,0.55,1.86
Linear,socket,14,8,1.07,0.55,1.86
Linear,socket,14,16,1.08,0.55,1.88
Linear,socket,14,32,1.41,0.63,2.50
Linear,socket,14,64,1.36,0.59,2.44
Linear,socket,14,128,2.03,1.23,3.05
Linear,socket,14,256,2.09,1.27,3.10
Linear,socket,14,512,2.30,1.28,3.53
Linear,socket,14,1024,2.88,1.72,4.11
Linear,socket,14,2048,3.97,2.45,5.41
Linear,socket,14,4096,5.51,3.42,7.26
Linear,socket,14,8192,8.12,5.24,10.51
Linear,socket,14,16384,16.91,9.24,23.37
Linear,socket,14,32768,27.52,15.43,37.58
Linear,socket,14,65536,51.29,28.68,69.02
Linear,socket,14,131072,98.27,55.01,132.32
Linear,socket,14,262144,191.41,107.48,257.00
Linear,socket,14,524288,377.62,216.15,504.64
Linear,socket,14,1048576,698.63,393.16,926.20
Linear,socket,16,1,1.23,0.62,1.87
Linear,socket,16,2,1.26,0.61,1.91
Linear,socket,16,4,1.23,0.60,1.88
Linear,socket,16,8,1.24,0.61,1.85
Linear,socket,16,16,1.23,0.60,1.87
Linear,socket,16,32,1.69,0.74,2.70
Linear,socket,16,64,1.61,0.69,2.60
Linear,socket,16,128,2.24,1.41,3.09
Linear,socket,16,256,2.33,1.41,3.28
Linear,socket,16,512,2.65,1.39,3.88
Linear,socket,16,1024,3.03,1.64,4.36
Linear,socket,16,2048,4.16,2.49,5.74
Linear,socket,16,4096,5.70,3.46,7.72
Linear,socket,16,8192,8.49,5.26,11.35
Linear,socket,16,16384,17.97,8.94,26.90
Linear,socket,16,32768,28.78,14.76,42.06
Linear,socket,16,65536,52.52,26.63,75.58
Linear,socket,16,131072,101.97,52.37,145.92
Linear,socket,16,262144,203.85,106.72,289.15
Linear,socket,16,524288,395.41,209.24,562.20
Linear,socket,16,1048576,733.01,351.89,1041.22
Linear,socket,18,1,1.63,0.62,2.50
Linear,socket,18,2,1.43,0.62,2.07
Linear,socket,18,4,1.44,0.61,2.08
Linear,socket,18,8,1.43,0.61,2.06
Linear,socket,18,16,1.43,0.61,2.04
Linear,socket,18,32,1.86,0.69,2.90
Linear,socket,18,64,1.86,0.67,2.92
Linear,socket,18,128,2.61,1.39,3.56
Linear,socket,18,256,2.71,1.43,3.76
Linear,socket,18,512,2.86,1.52,3.99
Linear,socket,18,1024,3.46,1.88,4.76
Linear,socket,18,2048,4.68,2.81,6.29
Linear,socket,18,4096,6.26,3.92,8.37
Linear,socket,18,8192,9.05,6.00,11.98
Linear,socket,18,16384,18.02,11.24,25.87
Linear,socket,18,32768,30.39,18.34,46.28
Linear,socket,18,65536,56.54,32.68,83.37
Linear,socket,18,131072,108.41,61.15,157.16
Linear,socket,18,262144,209.81,116.68,301.71
Linear,socket,18,524288,406.12,228.78,580.90
Linear,socket,18,1048576,780.57,422.81,1126.95
Linear,socket,20,1,1.38,0.60,2.08
Linear,socket,20,2,1.38,0.60,2.08
Linear,socket,20,4,1.41,0.59,2.12
Linear,socket,20,8,1.40,0.59,2.11
Linear,socket,20,16,1.41,0.59,2.10
Linear,socket,20,32,1.82,0.67,2.92
Linear,socket,20,64,1.81,0.64,2.93
Linear,socket,20,128,2.38,1.39,3.27
Linear,socket,20,256,2.43,1.39,3.37
Linear,socket,20,512,2.70,1.42,3.85
Linear,socket,20,1024,3.30,1.88,4.53
Linear,socket,20,2048,4.49,2.76,5.99
Linear,socket,20,4096,6.13,3.87,8.11
Linear,socket,20,8192,9.02,5.98,11.92
Linear,socket,20,16384,19.29,10.44,29.49
Linear,socket,20,32768,32.12,17.08,48.39
Linear,socket,20,65536,62.06,31.96,93.58
Linear,socket,20,131072,116.72,60.71,172.97
Linear,socket,20,262144,226.68,118.46,333.23
Linear,socket,20,524288,438.36,231.44,641.55
Linear,socket,20,1048576,842.35,440.69,1238.07
Linear,socket,22,1,1.43,0.68,2.12
Linear,socket,22,2,1.37,0.64,2.12
Linear,socket,22,4,1.36,0.62,2.18
Linear,socket,22,8,1.38,0.62,2.21
Linear,socket,22,16,1.37,0.62,2.22
Linear,socket,22,32,1.73,0.69,2.85
Linear,socket,22,64,1.71,0.67,2.86
Linear,socket,22,128,2.38,1.44,3.27
Linear,socket,22,256,2.43,1.46,3.34
Linear,socket,22,512,2.68,1.52,3.85
Linear,socket,22,1024,3.27,1.96,4.51
Linear,socket,22,2048,4.56,2.87,6.00
Linear,socket,22,4096,6.29,4.09,7.99
Linear,socket,22,8192,9.41,6.39,11.94
Linear,socket,22,16384,19.72,10.97,28.98
Linear,socket,22,32768,33.70,18.06,48.62
Linear,socket,22,65536,62.68,32.64,91.88
Linear,socket,22,131072,119.54,62.13,172.48
Linear,socket,22,262144,232.83,121.75,332.63
Linear,socket,22,524288,439.95,229.30,639.62
Linear,socket,22,1048576,821.86,435.43,1197.17
Linear,socket,24,1,1.36,0.62,2.15
Linear,socket,24,2,1.37,0.63,2.19
Linear,socket,24,4,1.38,0.63,2.20
Linear,socket,24,8,1.35,0.63,2.15
Linear,socket,24,16,1.35,0.63,2.14
Linear,socket,24,32,1.71,0.70,2.76
Linear,socket,24,64,1.71,0.68,2.77
Linear,socket,24,128,2.42,1.39,3.39
Linear,socket,24,256,2.47,1.43,3.42
Linear,socket,24,512,2.72,1.48,3.87
Linear,socket,24,1024,3.42,1.93,4.71
Linear,socket,24,2048,4.60,2.78,6.16
Linear,socket,24,4096,6.33,4.06,8.33
Linear,socket,24,8192,9.58,6.38,12.85
Linear,socket,24,16384,20.80,10.84,31.37
Linear,socket,24,32768,33.68,17.28,51.25
Linear,socket,24,65536,63.97,31.31,96.65
Linear,socket,24,131072,123.08,60.05,183.33
Linear,socket,24,262144,241.14,117.28,357.04
Linear,socket,24,524288,464.18,229.55,684.08
Linear,socket,24,1048576,840.22,369.28,1248.54
Linear,socket,26,1,1.29,0.16,2.41
Linear,socket,26,2,1.26,0.16,2.37
Linear,socket,26,4,1.26,0.16,2.40
Linear,socket,26,8,1.25,0.14,2.36
Linear,socket,26,16,1.26,0.15,2.41
Linear,socket,26,32,1.52,0.14,2.58
Linear,socket,26,64,1.58,0.14,3.10
Linear,socket,26,128,2.19,0.22,3.31
Linear,socket,26,256,2.26,0.27,3.33
Linear,socket,26,512,2.44,0.34,3.73
Linear,socket,26,1024,3.11,0.73,4.50
Linear,socket,26,2048,4.66,1.85,6.59
Linear,socket,26,4096,6.39,3.23,9.03
Linear,socket,26,8192,9.64,5.59,13.40
Linear,socket,26,16384,20.37,10.48,30.57
Linear,socket,26,32768,35.78,17.53,54.68
Linear,socket,26,65536,64.52,31.65,97.68
Linear,socket,26,131072,123.33,61.00,182.56
Linear,socket,26,262144,239.16,117.67,357.05
Linear,socket,26,524288,444.43,221.99,679.09
Linear,socket,26,1048576,824.76,426.46,1243.14
Linear,socket,28,1,1.26,0.16,2.45
Linear,socket,28,2,1.24,0.16,2.40
Linear,socket,28,4,1.23,0.15,2.40
Linear,socket,28,8,1.23,0.14,2.38
Linear,socket,28,16,1.23,0.14,2.42
Linear,socket,28,32,1.46,0.14,2.73
Linear,socket,28,64,1.55,0.15,3.16
Linear,socket,28,128,2.24,0.36,3.66
Linear,socket,28,256,2.18,0.25,3.57
Linear,socket,28,512,2.41,0.31,4.02
Linear,socket,28,1024,3.21,0.63,5.07
Linear,socket,28,2048,4.46,1.56,7.00
Linear,socket,28,4096,6.67,3.25,10.27
Linear,socket,28,8192,10.17,5.84,15.32
Linear,socket,28,16384,20.89,10.35,31.94
Linear,socket,28,32768,36.27,17.58,53.84
Linear,socket,28,65536,67.08,31.95,99.18
Linear,socket,28,131072,128.92,61.23,187.39
Linear,socket,28,262144,245.94,119.06,359.21
Linear,socket,28,524288,476.72,236.39,683.64
Linear,socket,28,1048576,933.91,458.00,1349.35
Linear,socket,30,1,1.25,0.15,2.45
Linear,socket,30,2,1.25,0.15,2.39
Linear,socket,30,4,1.25,0.16,2.44
Linear,socket,30,8,1.25,0.14,2.40
Linear,socket,30,16,1.24,0.14,2.43
Linear,socket,30,32,1.43,0.13,2.94
Linear,socket,30,64,1.56,0.14,3.17
Linear,socket,30,128,2.00,0.21,3.60
Linear,socket,30,256,2.11,0.25,3.66
Linear,socket,30,512,2.31,0.30,4.12
Linear,socket,30,1024,3.19,0.70,5.24
Linear,socket,30,2048,4.33,1.46,6.90
Linear,socket,30,4096,6.42,2.82,10.32
Linear,socket,30,8192,10.18,5.54,15.73
Linear,socket,30,16384,21.23,10.35,32.41
Linear,socket,30,32768,36.83,18.28,54.84
Linear,socket,30,65536,67.31,32.98,98.65
Linear,socket,30,131072,130.27,62.44,185.42
Linear,socket,30,262144,248.78,117.53,354.46
Linear,socket,30,524288,489.34,238.18,695.49
Linear,socket,30,1048576,942.01,464.43,1337.05
Linear,socket,32,1,1.86,0.65,3.96
Linear,socket,32,2,1.81,0.64,3.92
Linear,socket,32,4,1.78,0.65,3.88
Linear,socket,32,8,1.80,0.65,3.95
Linear,socket,32,16,1.78,0.65,3.88
Linear,socket,32,32,2.31,0.84,4.75
Linear,socket,32,64,2.37,0.82,5.19
Linear,socket,32,128,3.09,1.51,5.86
Linear,socket,32,256,3.03,1.47,5.96
Linear,socket,32,512,3.42,1.51,6.69
Linear,socket,32,1024,4.07,1.82,7.61
Linear,socket,32,2048,5.49,2.82,9.81
Linear,socket,32,4096,7.72,4.21,13.43
Linear,socket,32,8192,11.46,6.46,19.64
Linear,socket,32,16384,22.59,11.04,38.09
Linear,socket,32,32768,36.88,17.41,60.85
Linear,socket,32,65536,66.17,30.80,107.16
Linear,socket,32,131072,130.28,59.58,196.29
Linear,socket,32,262144,252.08,115.16,373.07
Linear,socket,32,524288,494.56,226.66,723.51
Linear,socket,32,1048576,932.32,402.95,1356.07
Linear,socket,34,1,3.90,0.73,5.13
Linear,socket,34,2,3.80,0.73,4.98
Linear,socket,34,4,3.79,0.73,4.97
Linear,socket,34,8,3.79,0.73,4.96
Linear,socket,34,16,3.78,0.72,4.96
Linear,socket,34,32,4.25,0.90,5.79
Linear,socket,34,64,4.19,0.86,5.61
Linear,socket,34,128,4.90,1.65,6.35
Linear,socket,34,256,5.23,1.64,7.09
Linear,socket,34,512,5.32,1.71,7.24
Linear,socket,34,1024,5.96,2.13,8.24
Linear,socket,34,2048,7.51,3.17,10.77
Linear,socket,34,4096,9.93,4.43,15.27
Linear,socket,34,8192,13.91,6.69,22.58
Linear,socket,34,16384,24.45,8.20,41.85
Linear,socket,34,32768,38.45,10.25,64.37
Linear,socket,34,65536,66.93,14.20,111.14
Linear,socket,34,131072,129.91,19.33,202.61
Linear,socket,34,262144,247.76,30.69,383.29
Linear,socket,34,524288,484.13,52.42,738.22
Linear,socket,34,1048576,948.82,95.75,1444.66
Linear,socket,36,1,3.50,0.73,4.82
Linear,socket,36,2,3.46,0.73,4.66
Linear,socket,36,4,3.45,0.73,4.65
Linear,socket,36,8,3.46,0.73,4.65
Linear,socket,36,16,3.46,0.72,4.67
Linear,socket,36,32,3.89,0.88,5.46
Linear,socket,36,64,3.90,0.84,5.34
Linear,socket,36,128,4.58,1.61,6.06
Linear,socket,36,256,4.96,1.71,6.87
Linear,socket,36,512,5.05,1.76,7.05
Linear,socket,36,1024,5.75,2.17,8.12
Linear,socket,36,2048,7.25,3.15,10.48
Linear,socket,36,4096,9.92,4.56,15.79
Linear,socket,36,8192,13.98,7.04,22.39
Linear,socket,36,16384,24.93,8.29,42.23
Linear,socket,36,32768,38.89,10.24,65.61
Linear,socket,36,65536,67.08,14.18,111.37
Linear,socket,36,131072,130.03,19.53,201.00
Linear,socket,36,262144,249.91,30.65,378.46
Linear,socket,36,524288,495.57,52.33,736.18
Linear,socket,36,1048576,970.24,95.67,1436.56
Linear,socket,38,1,3.46,0.74,4.90
Linear,socket,38,2,3.35,0.75,4.71
Linear,socket,38,4,3.33,0.75,4.64
Linear,socket,38,8,3.34,0.74,4.67
Linear,socket,38,16,3.34,0.74,4.66
Linear,socket,38,32,3.81,0.94,5.57
Linear,socket,38,64,3.85,0.89,5.50
Linear,socket,38,128,4.52,1.66,6.13
Linear,socket,38,256,4.74,1.71,6.71
Linear,socket,38,512,4.93,1.73,7.00
Linear,socket,38,1024,5.65,2.20,8.17
Linear,socket,38,2048,7.33,3.24,10.89
Linear,socket,38,4096,10.02,4.66,16.23
Linear,socket,38,8192,14.40,7.45,23.22
Linear,socket,38,16384,25.50,8.71,43.91
Linear,socket,38,32768,40.04,10.80,68.10
Linear,socket,38,65536,69.06,14.72,114.70
Linear,socket,38,131072,139.10,19.61,211.92
Linear,socket,38,262144,272.61,30.72,404.10
Linear,socket,38,524288,553.61,52.44,801.14
Linear,socket,38,1048576,1051.29,95.60,1533.02
Linear,socket,40,1,3.18,0.73,4.51
Linear,socket,40,2,3.15,0.73,4.45
Linear,socket,40,4,3.15,0.73,4.45
Linear,socket,40,8,3.15,0.73,4.46
Linear,socket,40,16,3.15,0.73,4.44
Linear,socket,40,32,3.57,0.90,5.14
Linear,socket,40,64,3.70,0.85,5.31
Linear,socket,40,128,4.37,1.64,6.01
Linear,socket,40,256,4.85,1.72,6.94
Linear,socket,40,512,4.81,1.75,6.93
Linear,socket,40,1024,5.55,2.13,8.17
Linear,socket,40,2048,7.24,3.27,10.88
Linear,socket,40,4096,10.04,4.65,16.24
Linear,socket,40,8192,14.71,7.17,24.04
Linear,socket,40,16384,25.68,8.64,43.82
Linear,socket,40,32768,40.87,10.83,69.79
Linear,socket,40,65536,72.18,14.84,122.16
Linear,socket,40,131072,152.71,19.85,230.90
Linear,socket,40,262144,304.29,30.92,450.20
Linear,socket,40,524288,612.95,52.63,888.47
Linear,socket,40,1048576,1211.51,95.67,1746.76
Linear,socket,42,1,3.10,0.70,4.60
Linear,socket,42,2,3.07,0.71,4.56
Linear,socket,42,4,3.08,0.71,4.56
Linear,socket,42,8,3.07,0.71,4.57
Linear,socket,42,16,3.07,0.71,4.55
Linear,socket,42,32,3.52,0.90,5.29
Linear,socket,42,64,3.69,0.85,5.56
Linear,socket,42,128,4.61,1.62,6.64
Linear,socket,42,256,4.55,1.68,6.64
Linear,socket,42,512,4.79,1.72,7.10
Linear,socket,42,1024,5.53,2.15,8.23
Linear,socket,42,2048,7.30,3.14,11.12
Linear,socket,42,4096,10.25,4.44,16.80
Linear,socket,42,8192,15.53,7.02,25.51
Linear,socket,42,16384,24.62,8.26,41.43
Linear,socket,42,32768,41.45,10.34,71.45
Linear,socket,42,65536,77.33,14.32,131.18
Linear,socket,42,131072,171.18,19.70,251.83
Linear,socket,42,262144,341.48,30.77,491.10
Linear,socket,42,524288,670.30,52.35,950.45
Linear,socket,42,1048576,1281.58,95.74,1821.73
Linear,socket,44,1,2.98,0.73,4.52
Linear,socket,44,2,2.97,0.73,4.50
Linear,socket,44,4,2.98,0.74,4.51
Linear,socket,44,8,2.98,0.73,4.53
Linear,socket,44,16,2.97,0.74,4.53
Linear,socket,44,32,3.42,0.94,5.29
Linear,socket,44,64,3.60,0.88,5.54
Linear,socket,44,128,4.25,1.62,6.43
Linear,socket,44,256,4.51,1.72,6.67
Linear,socket,44,512,4.72,1.75,7.08
Linear,socket,44,1024,5.50,2.19,8.29
Linear,socket,44,2048,7.39,3.26,11.67
Linear,socket,44,4096,10.47,4.62,17.30
Linear,socket,44,8192,16.27,7.12,26.81
Linear,socket,44,16384,26.06,8.37,44.20
Linear,socket,44,32768,44.33,10.48,77.03
Linear,socket,44,65536,82.30,14.41,140.99
Linear,socket,44,131072,182.49,19.69,272.04
Linear,socket,44,262144,368.94,30.73,534.18
Linear,socket,44,524288,748.02,52.41,1058.40
Linear,socket,44,1048576,1478.13,95.68,2081.58
Linear,socket,46,1,2.90,0.73,4.51
Linear,socket,46,2,2.91,0.73,4.56
Linear,socket,46,4,2.91,0.73,4.55
Linear,socket,46,8,2.90,0.73,4.55
Linear,socket,46,16,2.90,0.73,4.52
Linear,socket,46,32,3.34,0.93,5.34
Linear,socket,46,64,3.55,0.88,5.56
Linear,socket,46,128,4.23,1.64,6.42
Linear,socket,46,256,4.43,1.73,6.68
Linear,socket,46,512,4.68,1.73,7.13
Linear,socket,46,1024,5.55,2.17,8.42
Linear,socket,46,2048,7.43,3.18,12.16
Linear,socket,46,4096,10.92,4.53,18.16
Linear,socket,46,8192,17.09,6.91,28.07
Linear,socket,46,16384,26.77,8.38,45.49
Linear,socket,46,32768,46.28,10.47,81.02
Linear,socket,46,65536,87.10,14.36,150.32
Linear,socket,46,131072,197.99,19.77,293.11
Linear,socket,46,262144,402.31,30.80,576.78
Linear,socket,46,524288,816.44,52.42,1141.98
Linear,socket,46,1048576,1545.40,95.81,2194.22
Linear,socket,48,1,2.84,0.73,4.51
Linear,socket,48,2,2.81,0.73,4.51
Linear,socket,48,4,2.83,0.73,4.51
Linear,socket,48,8,2.81,0.72,4.50
Linear,socket,48,16,2.83,0.72,4.50
Linear,socket,48,32,3.23,0.93,5.08
Linear,socket,48,64,3.50,0.89,5.42
Linear,socket,48,128,4.45,1.71,6.92
Linear,socket,48,256,4.44,1.75,6.65
Linear,socket,48,512,4.71,1.78,7.16
Linear,socket,48,1024,5.60,2.19,8.62
Linear,socket,48,2048,7.63,3.22,12.68
Linear,socket,48,4096,11.24,4.54,18.65
Linear,socket,48,8192,17.94,6.91,29.42
Linear,socket,48,16384,27.83,8.72,47.40
Linear,socket,48,32768,49.27,10.91,85.72
Linear,socket,48,65536,93.32,14.79,160.88
Linear,socket,48,131072,211.09,19.90,312.81
Linear,socket,48,262144,428.52,30.97,617.61
Linear,socket,48,524288,871.17,52.81,1227.74
Linear,socket,48,1048576,1690.85,95.93,2391.36
Linear,node,2,1,1.02,0.12,1.92
Linear,node,2,2,1.00,0.10,1.90
Linear,node,2,4,1.02,0.12,1.92
Linear,node,2,8,1.01,0.12,1.91
Linear,node,2,16,1.03,0.12,1.95
Linear,node,2,32,1.05,0.12,1.98
Linear,node,2,64,1.28,0.12,2.44
Linear,node,2,128,1.11,0.12,2.10
Linear,node,2,256,1.24,0.14,2.34
Linear,node,2,512,1.29,0.16,2.42
Linear,node,2,1024,1.40,0.21,2.58
Linear,node,2,2048,1.77,0.26,3.27
Linear,node,2,4096,3.17,3.05,3.29
Linear,node,2,8192,3.92,3.86,3.99
Linear,node,2,16384,5.60,5.40,5.80
Linear,node,2,32768,8.26,8.12,8.41
Linear,node,2,65536,11.76,10.81,12.71
Linear,node,2,131072,17.14,16.17,18.12
Linear,node,2,262144,28.01,27.06,28.97
Linear,node,2,524288,50.02,49.08,50.97
Linear,node,2,1048576,93.94,92.97,94.91
Linear,node,4,1,0.35,0.23,0.51
Linear,node,4,2,0.33,0.22,0.48
Linear,node,4,4,0.34,0.22,0.49
Linear,node,4,8,0.33,0.22,0.48
Linear,node,4,16,0.34,0.22,0.49
Linear,node,4,32,0.49,0.22,0.74
Linear,node,4,64,0.67,0.24,1.06
Linear,node,4,128,0.76,0.28,1.12
Linear,node,4,256,0.96,0.46,1.34
Linear,node,4,512,1.14,0.60,1.62
Linear,node,4,1024,1.42,0.70,2.03
Linear,node,4,2048,2.03,0.80,3.21
Linear,node,4,4096,3.18,1.33,4.92
Linear,node,4,8192,5.16,2.39,7.82
Linear,node,4,16384,8.61,4.44,12.89
Linear,node,4,32768,13.52,8.00,19.00
Linear,node,4,65536,21.18,12.68,29.72
Linear,node,4,131072,33.77,13.94,51.48
Linear,node,4,262144,48.21,20.02,69.79
Linear,node,4,524288,89.91,40.94,129.65
Linear,node,4,1048576,177.94,88.26,255.28
Linear,node,6,1,0.59,0.38,0.91
Linear,node,6,2,0.56,0.40,0.81
Linear,node,6,4,0.56,0.40,0.83
Linear,node,6,8,0.56,0.40,0.81
Linear,node,6,16,0.56,0.40,0.83
Linear,node,6,32,0.86,0.57,1.11
Linear,node,6,64,0.92,0.51,1.29
Linear,node,6,128,1.13,0.74,1.45
Linear,node,6,256,1.36,0.89,1.77
Linear,node,6,512,1.47,0.93,1.84
Linear,node,6,1024,1.81,1.11,2.30
Linear,node,6,2048,2.70,1.54,3.54
Linear,node,6,4096,4.11,2.36,5.42
Linear,node,6,8192,6.36,3.76,8.36
Linear,node,6,16384,10.82,6.68,15.70
Linear,node,6,32768,17.22,11.58,23.74
Linear,node,6,65536,27.20,17.46,38.23
Linear,node,6,131072,46.91,28.75,66.86
Linear,node,6,262144,78.36,37.55,123.91
Linear,node,6,524288,149.34,71.28,232.49
Linear,node,6,1048576,298.33,144.36,454.32
Linear,node,8,1,1.91,0.49,3.38
Linear,node,8,2,1.81,0.46,3.21
Linear,node,8,4,1.82,0.45,3.24
Linear,node,8,8,1.80,0.45,3.20
Linear,node,8,16,1.83,0.45,3.26
Linear,node,8,32,2.14,0.60,3.79
Linear,node,8,64,2.21,0.46,3.99
Linear,node,8,128,2.49,0.86,4.21
Linear,node,8,256,2.78,1.08,4.54
Linear,node,8,512,2.94,1.13,4.90
Linear,node,8,1024,3.31,1.33,5.38
Linear,node,8,2048,4.27,1.72,6.82
Linear,node,8,4096,5.85,2.66,8.98
Linear,node,8,8192,8.59,4.15,12.91
Linear,node,8,16384,15.16,7.66,21.93
Linear,node,8,32768,23.33,12.67,32.68
Linear,node,8,65536,35.08,19.72,48.06
Linear,node,8,131072,58.71,34.17,77.93
Linear,node,8,262144,100.08,50.67,136.38
Linear,node,8,524288,189.38,110.12,252.97
Linear,node,8,1048576,370.44,225.08,491.74
Linear,node,10,1,2.05,0.52,3.59
Linear,node,10,2,2.00,0.52,3.47
Linear,node,10,4,2.03,0.52,3.56
Linear,node,10,8,1.99,0.52,3.48
Linear,node,10,16,2.01,0.52,3.50
Linear,node,10,32,2.30,0.56,4.21
Linear,node,10,64,2.51,0.54,4.61
Linear,node,10,128,2.85,1.00,4.95
Linear,node,10,256,3.09,1.17,5.24
Linear,node,10,512,3.29,1.23,5.69
Linear,node,10,1024,3.76,1.59,6.12
Linear,node,10,2048,4.67,2.01,7.29
Linear,node,10,4096,6.33,3.12,9.34
Linear,node,10,8192,9.01,4.88,13.12
Linear,node,10,16384,16.64,9.22,24.79
Linear,node,10,32768,25.61,15.42,37.17
Linear,node,10,65536,45.68,30.99,62.24
Linear,node,10,131072,85.57,61.68,111.93
Linear,node,10,262144,148.49,108.09,193.97
Linear,node,10,524288,283.56,199.63,372.03
Linear,node,10,1048576,489.23,351.63,618.51
Linear,node,12,1,2.06,0.53,3.61
Linear,node,12,2,1.93,0.53,3.36
Linear,node,12,4,2.00,0.53,3.54
Linear,node,12,8,1.94,0.52,3.42
Linear,node,12,16,2.00,0.52,3.54
Linear,node,12,32,2.22,0.58,3.97
Linear,node,12,64,2.45,0.54,4.46
Linear,node,12,128,2.77,0.98,4.66
Linear,node,12,256,3.04,1.15,5.01
Linear,node,12,512,3.24,1.18,5.46
Linear,node,12,1024,3.79,1.53,6.05
Linear,node,12,2048,4.87,1.96,7.62
Linear,node,12,4096,6.87,3.10,10.57
Linear,node,12,8192,9.43,4.75,14.07
Linear,node,12,16384,17.12,8.94,24.26
Linear,node,12,32768,26.51,15.14,36.92
Linear,node,12,65536,47.32,28.34,65.05
Linear,node,12,131072,85.54,49.08,118.90
Linear,node,12,262144,154.65,89.84,213.07
Linear,node,12,524288,303.00,187.28,407.33
Linear,node,12,1048576,517.92,315.79,684.78
Linear,node,14,1,1.95,0.55,3.63
Linear,node,14,2,1.93,0.54,3.59
Linear,node,14,4,1.94,0.53,3.64
Linear,node,14,8,1.93,0.53,3.59
Linear,node,14,16,1.94,0.55,3.63
Linear,node,14,32,2.21,0.60,4.07
Linear,node,14,64,2.35,0.55,4.33
Linear,node,14,128,2.75,1.05,4.68
Linear,node,14,256,2.95,1.18,4.92
Linear,node,14,512,3.12,1.21,5.19
Linear,node,14,1024,3.76,1.60,5.93
Linear,node,14,2048,4.80,2.06,7.32
Linear,node,14,4096,6.78,3.10,10.02
Linear,node,14,8192,9.54,4.77,13.66
Linear,node,14,16384,18.42,9.30,24.44
Linear,node,14,32768,28.40,16.00,37.12
Linear,node,14,65536,50.68,30.40,65.02
Linear,node,14,131072,94.56,58.34,119.03
Linear,node,14,262144,160.94,100.96,196.92
Linear,node,14,524288,316.08,200.98,387.66
Linear,node,14,1048576,565.90,350.56,646.77
Linear,node,16,1,1.91,0.55,3.30
Linear,node,16,2,1.92,0.53,3.33
Linear,node,16,4,1.90,0.54,3.28
Linear,node,16,8,1.91,0.54,3.30
Linear,node,16,16,1.92,0.55,3.32
Linear,node,16,32,2.29,0.64,4.12
Linear,node,16,64,2.57,0.56,5.02
Linear,node,16,128,2.88,1.08,4.91
Linear,node,16,256,3.11,1.26,5.17
Linear,node,16,512,3.38,1.28,5.76
Linear,node,16,1024,3.90,1.55,6.52
Linear,node,16,2048,5.05,2.07,8.20
Linear,node,16,4096,7.09,3.16,11.03
Linear,node,16,8192,10.12,4.91,15.21
Linear,node,16,16384,19.57,9.27,29.56
Linear,node,16,32768,30.19,15.79,44.80
Linear,node,16,65536,53.85,29.92,76.95
Linear,node,16,131072,97.78,52.37,141.50
Linear,node,16,262144,173.89,90.46,256.05
Linear,node,16,524288,344.34,189.58,493.82
Linear,node,16,1048576,576.03,322.55,802.86
Linear,node,18,1,2.31,0.59,3.85
Linear,node,18,2,2.32,0.59,3.85
Linear,node,18,4,2.30,0.59,3.86
Linear,node,18,8,2.30,0.59,3.83
Linear,node,18,16,2.28,0.59,3.79
Linear,node,18,32,2.69,0.69,4.75
Linear,node,18,64,2.94,0.63,5.54
Linear,node,18,128,3.25,1.24,5.30
Linear,node,18,256,3.56,1.44,5.87
Linear,node,18,512,3.73,1.44,6.21
Linear,node,18,1024,4.37,1.89,7.05
Linear,node,18,2048,5.74,2.47,9.21
Linear,node,18,4096,7.51,3.85,11.34
Linear,node,18,8192,10.56,5.82,15.46
Linear,node,18,16384,19.79,9.92,30.09
Linear,node,18,32768,30.35,16.96,45.29
Linear,node,18,65536,53.46,31.50,77.81
Linear,node,18,131072,98.56,57.28,143.83
Linear,node,18,262144,172.19,95.38,266.04
Linear,node,18,524288,341.34,197.90,515.64
Linear,node,18,1048576,593.86,340.05,848.56
Linear,node,20,1,2.31,0.58,4.03
Linear,node,20,2,2.26,0.58,3.90
Linear,node,20,4,2.29,0.59,4.00
Linear,node,20,8,2.25,0.56,3.92
Linear,node,20,16,2.29,0.58,4.01
Linear,node,20,32,2.66,0.66,4.76
Linear,node,20,64,2.79,0.63,5.08
Linear,node,20,128,3.23,1.21,5.38
Linear,node,20,256,3.45,1.38,5.67
Linear,node,20,512,3.67,1.38,6.12
Linear,node,20,1024,4.31,1.87,6.82
Linear,node,20,2048,5.63,2.40,8.86
Linear,node,20,4096,7.70,3.88,11.35
Linear,node,20,8192,10.91,5.85,15.76
Linear,node,20,16384,20.56,11.15,30.31
Linear,node,20,32768,32.71,18.42,46.20
Linear,node,20,65536,59.11,33.85,83.42
Linear,node,20,131072,109.42,65.21,153.20
Linear,node,20,262144,195.85,111.03,275.09
Linear,node,20,524288,384.50,222.56,536.06
Linear,node,20,1048576,694.31,401.26,921.92
Linear,node,22,1,2.07,0.59,3.60
Linear,node,22,2,2.05,0.59,3.54
Linear,node,22,4,2.08,0.59,3.65
Linear,node,22,8,2.04,0.59,3.54
Linear,node,22,16,2.08,0.59,3.65
Linear,node,22,32,2.45,0.66,4.38
Linear,node,22,64,2.63,0.62,4.79
Linear,node,22,128,3.12,1.23,5.27
Linear,node,22,256,3.36,1.38,5.64
Linear,node,22,512,3.54,1.39,6.00
Linear,node,22,1024,4.18,1.88,6.67
Linear,node,22,2048,5.52,2.42,8.68
Linear,node,22,4096,7.42,3.79,10.87
Linear,node,22,8192,10.60,5.79,15.24
Linear,node,22,16384,20.95,9.08,32.13
Linear,node,22,32768,32.78,17.08,49.26
Linear,node,22,65536,58.96,31.52,87.17
Linear,node,22,131072,109.86,61.54,154.38
Linear,node,22,262144,195.88,103.46,282.03
Linear,node,22,524288,383.37,206.50,550.10
Linear,node,22,1048576,685.44,392.69,966.87
Linear,node,24,1,2.20,0.59,3.89
Linear,node,24,2,2.17,0.60,3.85
Linear,node,24,4,2.18,0.59,3.87
Linear,node,24,8,2.16,0.60,3.81
Linear,node,24,16,2.18,0.59,3.85
Linear,node,24,32,2.55,0.68,4.59
Linear,node,24,64,2.70,0.61,4.96
Linear,node,24,128,3.16,1.23,5.26
Linear,node,24,256,3.40,1.39,5.55
Linear,node,24,512,3.61,1.40,5.98
Linear,node,24,1024,4.28,1.88,6.66
Linear,node,24,2048,5.75,2.40,8.96
Linear,node,24,4096,7.62,3.76,11.33
Linear,node,24,8192,10.80,5.67,16.05
Linear,node,24,16384,21.21,10.24,32.28
Linear,node,24,32768,33.68,17.34,50.62
Linear,node,24,65536,60.91,31.25,89.50
Linear,node,24,131072,114.86,61.86,162.75
Linear,node,24,262144,206.00,105.00,302.11
Linear,node,24,524288,405.32,210.71,587.35
Linear,node,24,1048576,716.59,391.41,989.00
Linear,node,26,1,2.13,0.61,3.88
Linear,node,26,2,2.12,0.61,3.87
Linear,node,26,4,2.11,0.60,3.83
Linear,node,26,8,2.12,0.61,3.85
Linear,node,26,16,2.11,0.61,3.82
Linear,node,26,32,2.50,0.68,4.64
Linear,node,26,64,2.63,0.64,4.98
Linear,node,26,128,3.10,1.30,5.23
Linear,node,26,256,3.32,1.47,5.50
Linear,node,26,512,3.57,1.52,6.02
Linear,node,26,1024,4.23,1.93,6.73
Linear,node,26,2048,5.67,2.46,8.89
Linear,node,26,4096,7.68,3.85,11.48
Linear,node,26,8192,10.89,5.77,16.17
Linear,node,26,16384,21.73,10.55,32.46
Linear,node,26,32768,34.43,17.52,50.68
Linear,node,26,65536,61.68,32.88,89.23
Linear,node,26,131072,107.84,54.54,158.35
Linear,node,26,262144,202.00,106.21,289.57
Linear,node,26,524288,394.83,212.58,569.11
Linear,node,26,1048576,717.40,378.83,990.50
Linear,node,28,1,2.19,0.61,3.99
Linear,node,28,2,2.13,0.60,3.86
Linear,node,28,4,2.12,0.60,3.86
Linear,node,28,8,2.10,0.61,3.78
Linear,node,28,16,2.12,0.61,3.86
Linear,node,28,32,2.43,0.69,4.48
Linear,node,28,64,2.63,0.64,4.99
Linear,node,28,128,3.13,1.29,5.33
Linear,node,28,256,3.36,1.44,5.65
Linear,node,28,512,3.58,1.46,6.08
Linear,node,28,1024,4.31,1.96,6.85
Linear,node,28,2048,5.73,2.51,9.00
Linear,node,28,4096,7.83,3.77,11.58
Linear,node,28,8192,11.21,5.73,16.39
Linear,node,28,16384,21.94,10.11,31.93
Linear,node,28,32768,35.06,17.24,50.59
Linear,node,28,65536,62.98,31.46,91.16
Linear,node,28,131072,111.16,52.06,165.65
Linear,node,28,262144,213.66,103.36,312.41
Linear,node,28,524288,415.58,210.65,597.89
Linear,node,28,1048576,757.05,366.30,1020.09
Linear,node,30,1,2.07,0.59,3.78
Linear,node,30,2,2.07,0.59,3.78
Linear,node,30,4,2.05,0.59,3.75
Linear,node,30,8,2.04,0.59,3.72
Linear,node,30,16,2.06,0.59,3.78
Linear,node,30,32,2.40,0.68,4.38
Linear,node,30,64,2.57,0.63,4.77
Linear,node,30,128,3.11,1.28,5.21
Linear,node,30,256,3.31,1.41,5.46
Linear,node,30,512,3.51,1.43,5.80
Linear,node,30,1024,4.26,1.92,6.63
Linear,node,30,2048,5.78,2.44,8.95
Linear,node,30,4096,7.82,3.78,11.36
Linear,node,30,8192,11.13,5.68,15.98
Linear,node,30,16384,22.46,10.74,32.33
Linear,node,30,32768,35.54,17.79,51.04
Linear,node,30,65536,63.52,31.87,89.76
Linear,node,30,131072,112.57,53.76,159.72
Linear,node,30,262144,217.20,104.63,304.71
Linear,node,30,524288,424.91,208.90,590.10
Linear,node,30,1048576,752.01,339.90,1023.93
Linear,node,32,1,2.14,0.64,3.64
Linear,node,32,2,2.12,0.65,3.65
Linear,node,32,4,2.13,0.64,3.67
Linear,node,32,8,2.11,0.64,3.62
Linear,node,32,16,2.13,0.64,3.70
Linear,node,32,32,2.57,0.82,4.50
Linear,node,32,64,2.87,0.67,5.59
Linear,node,32,128,3.28,1.35,5.41
Linear,node,32,256,3.55,1.61,5.67
Linear,node,32,512,3.79,1.56,6.33
Linear,node,32,1024,4.41,1.85,7.24
Linear,node,32,2048,5.98,2.58,9.74
Linear,node,32,4096,8.28,4.00,12.52
Linear,node,32,8192,11.72,5.96,17.27
Linear,node,32,16384,23.16,10.34,34.73
Linear,node,32,32768,36.51,17.55,54.15
Linear,node,32,65536,66.04,32.60,96.21
Linear,node,32,131072,117.41,54.47,175.22
Linear,node,32,262144,224.72,106.23,332.33
Linear,node,32,524288,439.76,210.58,648.10
Linear,node,32,1048576,786.90,376.57,1094.97
Linear,node,34,1,2.66,0.71,4.32
Linear,node,34,2,2.60,0.73,4.17
Linear,node,34,4,2.61,0.73,4.16
Linear,node,34,8,2.58,0.72,4.13
Linear,node,34,16,2.60,0.73,4.15
Linear,node,34,32,3.07,0.95,5.07
Linear,node,34,64,3.37,0.75,6.27
Linear,node,34,128,3.77,1.51,5.99
Linear,node,34,256,4.05,1.69,6.40
Linear,node,34,512,4.24,1.73,6.77
Linear,node,34,1024,5.18,2.29,8.21
Linear,node,34,2048,6.27,2.91,9.84
Linear,node,34,4096,8.72,4.64,13.13
Linear,node,34,8192,12.11,7.03,17.82
Linear,node,34,16384,24.22,11.35,37.33
Linear,node,34,32768,37.88,20.27,57.46
Linear,node,34,65536,67.81,36.67,102.68
Linear,node,34,131072,119.82,61.07,185.56
Linear,node,34,262144,229.73,117.93,353.36
Linear,node,34,524288,435.07,230.57,663.96
Linear,node,34,1048576,791.22,436.23,1163.58
Linear,node,36,1,2.41,0.66,3.89
Linear,node,36,2,2.39,0.67,3.85
Linear,node,36,4,2.40,0.66,3.89
Linear,node,36,8,2.39,0.66,3.86
Linear,node,36,16,2.41,0.66,3.90
Linear,node,36,32,2.78,0.79,4.63
Linear,node,36,64,3.14,0.71,5.74
Linear,node,36,128,3.60,1.43,5.63
Linear,node,36,256,3.84,1.60,6.02
Linear,node,36,512,4.16,1.66,6.69
Linear,node,36,1024,5.31,2.24,8.55
Linear,node,36,2048,6.17,2.81,9.59
Linear,node,36,4096,8.63,4.33,12.77
Linear,node,36,8192,12.16,6.53,17.66
Linear,node,36,16384,24.16,11.46,35.33
Linear,node,36,32768,37.65,19.00,54.72
Linear,node,36,65536,69.21,35.47,101.38
Linear,node,36,131072,123.19,60.39,186.45
Linear,node,36,262144,232.12,113.90,354.11
Linear,node,36,524288,452.18,228.11,687.90
Linear,node,36,1048576,822.25,426.62,1207.45
Linear,node,38,1,2.42,0.67,4.03
Linear,node,38,2,2.44,0.68,4.16
Linear,node,38,4,2.43,0.67,4.05
Linear,node,38,8,2.40,0.67,3.98
Linear,node,38,16,2.44,0.68,4.06
Linear,node,38,32,2.85,0.76,4.98
Linear,node,38,64,3.14,0.74,5.81
Linear,node,38,128,3.62,1.48,5.79
Linear,node,38,256,3.88,1.65,6.21
Linear,node,38,512,4.14,1.71,6.75
Linear,node,38,1024,5.18,2.30,8.18
Linear,node,38,2048,6.18,2.81,9.62
Linear,node,38,4096,8.78,4.57,12.90
Linear,node,38,8192,12.39,6.93,17.92
Linear,node,38,16384,24.49,10.98,37.72
Linear,node,38,32768,38.74,18.70,58.50
Linear,node,38,65536,70.56,35.25,106.50
Linear,node,38,131072,118.94,51.91,190.44
Linear,node,38,262144,228.37,104.30,360.88
Linear,node,38,524288,454.07,219.32,697.88
Linear,node,38,1048576,832.69,404.55,1260.26
Linear,node,40,1,2.33,0.66,3.97
Linear,node,40,2,2.31,0.67,3.80
Linear,node,40,4,2.33,0.67,3.86
Linear,node,40,8,2.34,0.71,3.83
Linear,node,40,16,2.32,0.67,3.83
Linear,node,40,32,2.71,0.79,4.75
Linear,node,40,64,2.99,0.72,5.38
Linear,node,40,128,3.52,1.47,5.68
Linear,node,40,256,3.79,1.62,6.19
Linear,node,40,512,4.03,1.68,6.55
Linear,node,40,1024,4.98,2.20,7.81
Linear,node,40,2048,6.07,2.84,9.27
Linear,node,40,4096,8.51,4.37,12.50
Linear,node,40,8192,12.21,6.64,17.75
Linear,node,40,16384,24.33,11.40,38.27
Linear,node,40,32768,39.23,18.95,61.39
Linear,node,40,65536,72.76,34.54,114.79
Linear,node,40,131072,128.21,58.89,202.68
Linear,node,40,262144,246.13,114.43,383.87
Linear,node,40,524288,482.18,228.50,750.12
Linear,node,40,1048576,881.41,437.70,1343.39
Linear,node,42,1,2.40,0.74,4.16
Linear,node,42,2,2.38,0.78,4.10
Linear,node,42,4,2.41,0.78,4.26
Linear,node,42,8,2.38,0.77,4.18
Linear,node,42,16,2.39,0.78,4.14
Linear,node,42,32,2.78,0.85,4.98
Linear,node,42,64,2.98,0.82,5.42
Linear,node,42,128,3.56,1.46,5.96
Linear,node,42,256,3.85,1.69,6.40
Linear,node,42,512,4.07,1.73,6.75
Linear,node,42,1024,4.91,2.30,7.64
Linear,node,42,2048,6.05,2.87,9.27
Linear,node,42,4096,8.47,4.37,12.36
Linear,node,42,8192,12.13,6.70,17.42
Linear,node,42,16384,24.47,10.70,38.58
Linear,node,42,32768,39.56,18.77,61.54
Linear,node,42,65536,72.28,35.59,112.14
Linear,node,42,131072,128.18,59.85,200.49
Linear,node,42,262144,247.05,115.51,381.73
Linear,node,42,524288,482.67,231.88,744.45
Linear,node,42,1048576,904.46,450.05,1362.67
Linear,node,44,1,2.37,0.67,4.14
Linear,node,44,2,2.34,0.68,4.08
Linear,node,44,4,2.35,0.67,4.23
Linear,node,44,8,2.33,0.68,4.05
Linear,node,44,16,2.35,0.67,4.13
Linear,node,44,32,2.73,0.76,5.00
Linear,node,44,64,2.93,0.73,5.44
Linear,node,44,128,3.51,1.46,5.80
Linear,node,44,256,3.75,1.62,6.17
Linear,node,44,512,4.28,1.66,7.27
Linear,node,44,1024,4.75,2.21,7.50
Linear,node,44,2048,6.15,2.91,9.34
Linear,node,44,4096,8.52,4.34,12.42
Linear,node,44,8192,12.36,6.91,17.58
Linear,node,44,16384,24.85,10.87,38.69
Linear,node,44,32768,39.64,17.69,60.80
Linear,node,44,65536,72.24,34.68,108.25
Linear,node,44,131072,127.29,58.29,191.76
Linear,node,44,262144,243.61,114.37,362.15
Linear,node,44,524288,479.06,227.69,719.48
Linear,node,44,1048576,899.73,436.09,1329.68
Linear,node,46,1,2.37,0.68,4.11
Linear,node,46,2,2.30,0.68,3.96
Linear,node,46,4,2.31,0.69,4.02
Linear,node,46,8,2.29,0.69,3.97
Linear,node,46,16,2.31,0.69,4.01
Linear,node,46,32,2.73,0.78,4.87
Linear,node,46,64,2.89,0.74,5.26
Linear,node,46,128,3.51,1.43,5.85
Linear,node,46,256,3.71,1.58,6.13
Linear,node,46,512,4.41,1.70,7.45
Linear,node,46,1024,4.78,2.20,7.52
Linear,node,46,2048,6.07,2.89,9.28
Linear,node,46,4096,8.54,4.50,12.32
Linear,node,46,8192,12.27,6.96,17.40
Linear,node,46,16384,24.84,11.90,38.16
Linear,node,46,32768,40.08,20.36,60.55
Linear,node,46,65536,74.08,36.25,111.71
Linear,node,46,131072,131.01,59.10,199.70
Linear,node,46,262144,251.67,115.77,380.49
Linear,node,46,524288,485.80,226.94,741.63
Linear,node,46,1048576,908.84,449.25,1326.03
Linear,node,48,1,2.37,0.64,4.15
Linear,node,48,2,2.33,0.65,4.03
Linear,node,48,4,2.33,0.65,4.06
Linear,node,48,8,2.33,0.65,4.11
Linear,node,48,16,2.35,0.65,4.09
Linear,node,48,32,2.76,0.74,4.88
Linear,node,48,64,2.94,0.70,5.28
Linear,node,48,128,3.55,1.45,5.79
Linear,node,48,256,3.83,1.64,6.20
Linear,node,48,512,4.37,1.64,7.20
Linear,node,48,1024,4.84,2.25,7.53
Linear,node,48,2048,6.19,2.79,9.47
Linear,node,48,4096,8.74,4.31,12.84
Linear,node,48,8192,12.49,6.54,18.28
Linear,node,48,16384,25.30,11.42,39.35
Linear,node,48,32768,40.94,19.16,63.02
Linear,node,48,65536,75.79,36.48,115.27
Linear,node,48,131072,134.52,61.24,207.96
Linear,node,48,262144,258.65,115.62,397.56
Linear,node,48,524288,506.95,231.66,780.11
Linear,node,48,1048576,947.13,445.17,1447.81
