Algorithm,Allocation,Processes,MessageSize,Latency
Binomial,core,2,1,0.23
Binomial,core,2,2,0.22
Binomial,core,2,4,0.21
Binomial,core,2,8,0.21
Binomial,core,2,16,0.21
Binomial,core,2,32,0.26
Binomial,core,2,64,0.25
Binomial,core,2,128,0.33
Binomial,core,2,256,0.35
Binomial,core,2,512,0.36
Binomial,core,2,1024,0.44
Binomial,core,2,2048,0.56
Binomial,core,2,4096,0.85
Binomial,core,2,8192,1.35
Binomial,core,2,16384,3.18
Binomial,core,2,32768,5.33
Binomial,core,2,65536,7.15
Binomial,core,2,131072,10.25
Binomial,core,2,262144,16.11
Binomial,core,2,524288,29.73
Binomial,core,2,1048576,62.41
Binomial,core,3,1,0.40
Binomial,core,3,2,0.40
Binomial,core,3,4,0.40
Binomial,core,3,8,0.39
Binomial,core,3,16,0.40
Binomial,core,3,32,0.42
Binomial,core,3,64,0.44
Binomial,core,3,128,0.55
Binomial,core,3,256,0.60
Binomial,core,3,512,0.62
Binomial,core,3,1024,0.81
Binomial,core,3,2048,0.99
Binomial,core,3,4096,1.46
Binomial,core,3,8192,2.18
Binomial,core,3,16384,4.86
Binomial,core,3,32768,8.01
Binomial,core,3,65536,12.11
Binomial,core,3,131072,18.48
Binomial,core,3,262144,32.14
Binomial,core,3,524288,59.84
Binomial,core,3,1048576,129.83
Binomial,core,4,1,0.38
Binomial,core,4,2,0.38
Binomial,core,4,4,0.35
Binomial,core,4,8,0.34
Binomial,core,4,16,0.34
Binomial,core,4,32,0.39
Binomial,core,4,64,0.39
Binomial,core,4,128,0.54
Binomial,core,4,256,0.57
Binomial,core,4,512,0.63
Binomial,core,4,1024,0.83
Binomial,core,4,2048,1.14
Binomial,core,4,4096,1.75
Binomial,core,4,8192,2.73
Binomial,core,4,16384,6.84
Binomial,core,4,32768,12.01
Binomial,core,4,65536,17.92
Binomial,core,4,131072,28.92
Binomial,core,4,262144,51.41
Binomial,core,4,524288,97.88
Binomial,core,4,1048576,196.54
Binomial,core,5,1,0.32
Binomial,core,5,2,0.43
Binomial,core,5,4,0.38
Binomial,core,5,8,0.35
Binomial,core,5,16,0.32
Binomial,core,5,32,0.40
Binomial,core,5,64,0.40
Binomial,core,5,128,0.61
Binomial,core,5,256,0.61
Binomial,core,5,512,0.67
Binomial,core,5,1024,0.93
Binomial,core,5,2048,1.26
Binomial,core,5,4096,1.94
Binomial,core,5,8192,2.99
Binomial,core,5,16384,7.35
Binomial,core,5,32768,12.19
Binomial,core,5,65536,21.62
Binomial,core,5,131072,37.25
Binomial,core,5,262144,69.91
Binomial,core,5,524288,144.04
Binomial,core,5,1048576,278.40
Binomial,core,6,1,0.54
Binomial,core,6,2,0.49
Binomial,core,6,4,0.46
Binomial,core,6,8,0.45
Binomial,core,6,16,0.46
Binomial,core,6,32,0.55
Binomial,core,6,64,0.53
Binomial,core,6,128,0.78
Binomial,core,6,256,0.80
Binomial,core,6,512,0.89
Binomial,core,6,1024,1.13
Binomial,core,6,2048,1.58
Binomial,core,6,4096,2.38
Binomial,core,6,8192,3.63
Binomial,core,6,16384,8.92
Binomial,core,6,32768,13.91
Binomial,core,6,65536,25.15
Binomial,core,6,131072,47.72
Binomial,core,6,262144,93.26
Binomial,core,6,524288,185.55
Binomial,core,6,1048576,352.15
Binomial,core,7,1,0.53
Binomial,core,7,2,0.54
Binomial,core,7,4,0.53
Binomial,core,7,8,0.53
Binomial,core,7,16,0.53
Binomial,core,7,32,0.61
Binomial,core,7,64,0.62
Binomial,core,7,128,0.85
Binomial,core,7,256,0.91
Binomial,core,7,512,0.97
Binomial,core,7,1024,1.28
Binomial,core,7,2048,1.71
Binomial,core,7,4096,2.57
Binomial,core,7,8192,3.93
Binomial,core,7,16384,9.90
Binomial,core,7,32768,15.93
Binomial,core,7,65536,28.53
Binomial,core,7,131072,53.15
Binomial,core,7,262144,102.15
Binomial,core,7,524288,200.16
Binomial,core,7,1048576,347.97
Binomial,core,8,1,0.83
Binomial,core,8,2,0.80
Binomial,core,8,4,0.72
Binomial,core,8,8,0.70
Binomial,core,8,16,0.68
Binomial,core,8,32,0.82
Binomial,core,8,64,0.81
Binomial,core,8,128,1.12
Binomial,core,8,256,1.17
Binomial,core,8,512,1.29
Binomial,core,8,1024,1.53
Binomial,core,8,2048,2.06
Binomial,core,8,4096,2.94
Binomial,core,8,8192,4.40
Binomial,core,8,16384,11.40
Binomial,core,8,32768,18.12
Binomial,core,8,65536,32.01
Binomial,core,8,131072,59.51
Binomial,core,8,262144,113.12
Binomial,core,8,524288,209.50
Binomial,core,8,1048576,401.55
Binomial,core,9,1,1.05
Binomial,core,9,2,1.02
Binomial,core,9,4,1.05
Binomial,core,9,8,1.02
Binomial,core,9,16,1.03
Binomial,core,9,32,1.17
Binomial,core,9,64,1.15
Binomial,core,9,128,1.48
Binomial,core,9,256,1.49
Binomial,core,9,512,1.57
Binomial,core,9,1024,1.88
Binomial,core,9,2048,2.40
Binomial,core,9,4096,3.36
Binomial,core,9,8192,5.21
Binomial,core,9,16384,11.37
Binomial,core,9,32768,18.22
Binomial,core,9,65536,32.46
Binomial,core,9,131072,60.12
Binomial,core,9,262144,118.84
Binomial,core,9,524288,228.28
Binomial,core,9,1048576,439.53
Binomial,core,10,1,1.55
Binomial,core,10,2,1.04
Binomial,core,10,4,0.86
Binomial,core,10,8,0.81
Binomial,core,10,16,0.81
Binomial,core,10,32,0.98
Binomial,core,10,64,0.94
Binomial,core,10,128,1.26
Binomial,core,10,256,1.28
Binomial,core,10,512,1.42
Binomial,core,10,1024,1.70
Binomial,core,10,2048,2.23
Binomial,core,10,4096,3.21
Binomial,core,10,8192,5.04
Binomial,core,10,16384,12.03
Binomial,core,10,32768,20.08
Binomial,core,10,65536,36.83
Binomial,core,10,131072,68.54
Binomial,core,10,262144,123.86
Binomial,core,10,524288,236.21
Binomial,core,10,1048576,454.45
Binomial,core,11,1,1.28
Binomial,core,11,2,1.02
Binomial,core,11,4,0.89
Binomial,core,11,8,0.81
Binomial,core,11,16,0.80
Binomial,core,11,32,0.97
Binomial,core,11,64,0.95
Binomial,core,11,128,1.27
Binomial,core,11,256,1.30
Binomial,core,11,512,1.38
Binomial,core,11,1024,1.72
Binomial,core,11,2048,2.24
Binomial,core,11,4096,3.33
Binomial,core,11,8192,5.20
Binomial,core,11,16384,12.07
Binomial,core,11,32768,20.26
Binomial,core,11,65536,37.47
Binomial,core,11,131072,69.75
Binomial,core,11,262144,134.54
Binomial,core,11,524288,265.04
Binomial,core,11,1048576,506.28
Binomial,core,12,1,0.83
Binomial,core,12,2,0.84
Binomial,core,12,4,0.82
Binomial,core,12,8,0.83
Binomial,core,12,16,0.83
Binomial,core,12,32,0.98
Binomial,core,12,64,0.94
Binomial,core,12,128,1.29
Binomial,core,12,256,1.33
Binomial,core,12,512,1.41
Binomial,core,12,1024,1.78
Binomial,core,12,2048,2.38
Binomial,core,12,4096,3.85
Binomial,core,12,8192,5.59
Binomial,core,12,16384,12.60
Binomial,core,12,32768,20.96
Binomial,core,12,65536,39.52
Binomial,core,12,131072,68.87
Binomial,core,12,262144,135.21
Binomial,core,12,524288,270.61
Binomial,core,12,1048576,522.85
Binomial,core,13,1,0.75
Binomial,core,13,2,0.71
Binomial,core,13,4,0.73
Binomial,core,13,8,0.73
Binomial,core,13,16,0.71
Binomial,core,13,32,0.88
Binomial,core,13,64,0.84
Binomial,core,13,128,1.26
Binomial,core,13,256,1.31
Binomial,core,13,512,1.38
Binomial,core,13,1024,2.03
Binomial,core,13,2048,2.42
Binomial,core,13,4096,3.70
Binomial,core,13,8192,5.59
Binomial,core,13,16384,13.82
Binomial,core,13,32768,23.57
Binomial,core,13,65536,42.92
Binomial,core,13,131072,80.75
Binomial,core,13,262144,155.86
Binomial,core,13,524288,308.91
Binomial,core,13,1048576,562.35
Binomial,core,14,1,0.88
Binomial,core,14,2,0.81
Binomial,core,14,4,0.78
Binomial,core,14,8,0.78
Binomial,core,14,16,0.78
Binomial,core,14,32,0.97
Binomial,core,14,64,0.92
Binomial,core,14,128,1.38
Binomial,core,14,256,1.46
Binomial,core,14,512,1.70
Binomial,core,14,1024,2.11
Binomial,core,14,2048,2.60
Binomial,core,14,4096,4.06
Binomial,core,14,8192,6.33
Binomial,core,14,16384,14.62
Binomial,core,14,32768,25.28
Binomial,core,14,65536,47.02
Binomial,core,14,131072,92.82
Binomial,core,14,262144,178.51
Binomial,core,14,524288,326.03
Binomial,core,14,1048576,573.59
Binomial,core,15,1,0.99
Binomial,core,15,2,0.85
Binomial,core,15,4,0.78
Binomial,core,15,8,0.78
Binomial,core,15,16,0.77
Binomial,core,15,32,0.97
Binomial,core,15,64,0.93
Binomial,core,15,128,1.39
Binomial,core,15,256,1.42
Binomial,core,15,512,1.77
Binomial,core,15,1024,2.08
Binomial,core,15,2048,2.70
Binomial,core,15,4096,4.21
Binomial,core,15,8192,6.36
Binomial,core,15,16384,15.70
Binomial,core,15,32768,26.88
Binomial,core,15,65536,49.39
Binomial,core,15,131072,101.30
Binomial,core,15,262144,194.24
Binomial,core,15,524288,372.22
Binomial,core,15,1048576,637.53
Binomial,core,16,1,1.11
Binomial,core,16,2,1.11
Binomial,core,16,4,1.10
Binomial,core,16,8,1.12
Binomial,core,16,16,1.09
Binomial,core,16,32,1.34
Binomial,core,16,64,1.32
Binomial,core,16,128,1.92
Binomial,core,16,256,2.37
Binomial,core,16,512,2.20
Binomial,core,16,1024,2.51
Binomial,core,16,2048,3.24
Binomial,core,16,4096,4.90
Binomial,core,16,8192,7.29
Binomial,core,16,16384,17.16
Binomial,core,16,32768,29.18
Binomial,core,16,65536,55.05
Binomial,core,16,131072,106.73
Binomial,core,16,262144,218.09
Binomial,core,16,524288,422.89
Binomial,core,16,1048576,682.82
Binomial,core,17,1,2.27
Binomial,core,17,2,2.23
Binomial,core,17,4,2.24
Binomial,core,17,8,2.24
Binomial,core,17,16,2.22
Binomial,core,17,32,2.47
Binomial,core,17,64,2.63
Binomial,core,17,128,3.16
Binomial,core,17,256,3.04
Binomial,core,17,512,3.19
Binomial,core,17,1024,3.59
Binomial,core,17,2048,4.38
Binomial,core,17,4096,6.19
Binomial,core,17,8192,8.64
Binomial,core,17,16384,19.56
Binomial,core,17,32768,32.60
Binomial,core,17,65536,64.80
Binomial,core,17,131072,123.54
Binomial,core,17,262144,247.60
Binomial,core,17,524288,478.16
Binomial,core,17,1048576,830.14
Binomial,core,18,1,2.23
Binomial,core,18,2,2.24
Binomial,core,18,4,2.24
Binomial,core,18,8,2.22
Binomial,core,18,16,2.22
Binomial,core,18,32,2.48
Binomial,core,18,64,2.46
Binomial,core,18,128,3.27
Binomial,core,18,256,3.08
Binomial,core,18,512,3.17
Binomial,core,18,1024,3.59
Binomial,core,18,2048,4.39
Binomial,core,18,4096,6.31
Binomial,core,18,8192,9.01
Binomial,core,18,16384,21.13
Binomial,core,18,32768,35.98
Binomial,core,18,65536,68.78
Binomial,core,18,131072,138.33
Binomial,core,18,262144,271.83
Binomial,core,18,524288,530.71
Binomial,core,18,1048576,867.67
Binomial,core,19,1,2.32
Binomial,core,19,2,2.15
Binomial,core,19,4,2.11
Binomial,core,19,8,2.12
Binomial,core,19,16,2.13
Binomial,core,19,32,2.35
Binomial,core,19,64,2.34
Binomial,core,19,128,3.38
Binomial,core,19,256,3.04
Binomial,core,19,512,3.18
Binomial,core,19,1024,3.63
Binomial,core,19,2048,4.42
Binomial,core,19,4096,6.36
Binomial,core,19,8192,9.21
Binomial,core,19,16384,22.23
Binomial,core,19,32768,38.21
Binomial,core,19,65536,73.09
Binomial,core,19,131072,141.86
Binomial,core,19,262144,272.71
Binomial,core,19,524288,542.98
Binomial,core,19,1048576,874.35
Binomial,core,20,1,2.18
Binomial,core,20,2,2.07
Binomial,core,20,4,2.06
Binomial,core,20,8,2.06
Binomial,core,20,16,2.07
Binomial,core,20,32,2.28
Binomial,core,20,64,2.37
Binomial,core,20,128,3.07
Binomial,core,20,256,2.96
Binomial,core,20,512,3.16
Binomial,core,20,1024,3.64
Binomial,core,20,2048,4.42
Binomial,core,20,4096,6.37
Binomial,core,20,8192,9.17
Binomial,core,20,16384,23.92
Binomial,core,20,32768,41.48
Binomial,core,20,65536,80.44
Binomial,core,20,131072,153.67
Binomial,core,20,262144,305.23
Binomial,core,20,524288,590.09
Binomial,core,20,1048576,1023.78
Binomial,core,21,1,1.89
Binomial,core,21,2,1.91
Binomial,core,21,4,1.93
Binomial,core,21,8,1.92
Binomial,core,21,16,1.93
Binomial,core,21,32,2.18
Binomial,core,21,64,2.17
Binomial,core,21,128,3.16
Binomial,core,21,256,2.91
Binomial,core,21,512,3.09
Binomial,core,21,1024,3.63
Binomial,core,21,2048,4.41
Binomial,core,21,4096,6.43
Binomial,core,21,8192,9.30
Binomial,core,21,16384,23.52
Binomial,core,21,32768,40.78
Binomial,core,21,65536,76.64
Binomial,core,21,131072,148.76
Binomial,core,21,262144,287.18
Binomial,core,21,524288,554.75
Binomial,core,21,1048576,906.45
Binomial,core,22,1,1.93
Binomial,core,22,2,1.94
Binomial,core,22,4,1.90
Binomial,core,22,8,1.91
Binomial,core,22,16,1.90
Binomial,core,22,32,2.18
Binomial,core,22,64,2.12
Binomial,core,22,128,3.28
Binomial,core,22,256,3.06
Binomial,core,22,512,3.10
Binomial,core,22,1024,3.74
Binomial,core,22,2048,4.57
Binomial,core,22,4096,6.61
Binomial,core,22,8192,9.65
Binomial,core,22,16384,23.86
Binomial,core,22,32768,41.94
Binomial,core,22,65536,79.58
Binomial,core,22,131072,153.34
Binomial,core,22,262144,293.66
Binomial,core,22,524288,566.69
Binomial,core,22,1048576,906.68
Binomial,core,23,1,1.86
Binomial,core,23,2,1.89
Binomial,core,23,4,1.86
Binomial,core,23,8,1.87
Binomial,core,23,16,1.86
Binomial,core,23,32,2.16
Binomial,core,23,64,2.11
Binomial,core,23,128,3.15
Binomial,core,23,256,3.04
Binomial,core,23,512,3.21
Binomial,core,23,1024,3.82
Binomial,core,23,2048,4.73
Binomial,core,23,4096,6.88
Binomial,core,23,8192,10.00
Binomial,core,23,16384,23.92
Binomial,core,23,32768,41.85
Binomial,core,23,65536,79.84
Binomial,core,23,131072,156.72
Binomial,core,23,262144,305.31
Binomial,core,23,524288,592.50
Binomial,core,23,1048576,1018.13
Binomial,core,24,1,1.88
Binomial,core,24,2,1.92
Binomial,core,24,4,1.89
Binomial,core,24,8,1.90
Binomial,core,24,16,1.87
Binomial,core,24,32,2.32
Binomial,core,24,64,2.33
Binomial,core,24,128,3.07
Binomial,core,24,256,3.11
Binomial,core,24,512,3.35
Binomial,core,24,1024,3.97
Binomial,core,24,2048,4.89
Binomial,core,24,4096,7.06
Binomial,core,24,8192,10.26
Binomial,core,24,16384,24.66
Binomial,core,24,32768,43.21
Binomial,core,24,65536,84.28
Binomial,core,24,131072,154.24
Binomial,core,24,262144,297.91
Binomial,core,24,524288,610.05
Binomial,core,24,1048576,1025.19
Binomial,core,25,1,1.61
Binomial,core,25,2,1.55
Binomial,core,25,4,1.56
Binomial,core,25,8,1.59
Binomial,core,25,16,1.67
Binomial,core,25,32,2.27
Binomial,core,25,64,1.85
Binomial,core,25,128,2.84
Binomial,core,25,256,2.84
Binomial,core,25,512,3.19
Binomial,core,25,1024,3.91
Binomial,core,25,2048,4.87
Binomial,core,25,4096,7.01
Binomial,core,25,8192,10.21
Binomial,core,25,16384,24.37
Binomial,core,25,32768,42.67
Binomial,core,25,65536,81.43
Binomial,core,25,131072,158.03
Binomial,core,25,262144,304.34
Binomial,core,25,524288,600.38
Binomial,core,25,1048576,1053.89
Binomial,core,26,1,1.59
Binomial,core,26,2,1.53
Binomial,core,26,4,1.53
Binomial,core,26,8,1.53
Binomial,core,26,16,1.52
Binomial,core,26,32,2.20
Binomial,core,26,64,1.93
Binomial,core,26,128,2.62
Binomial,core,26,256,2.72
Binomial,core,26,512,2.95
Binomial,core,26,1024,3.62
Binomial,core,26,2048,4.55
Binomial,core,26,4096,6.81
Binomial,core,26,8192,10.27
Binomial,core,26,16384,24.36
Binomial,core,26,32768,43.01
Binomial,core,26,65536,80.97
Binomial,core,26,131072,157.22
Binomial,core,26,262144,307.13
Binomial,core,26,524288,619.41
Binomial,core,26,1048576,1080.09
Binomial,core,27,1,1.60
Binomial,core,27,2,1.54
Binomial,core,27,4,1.55
Binomial,core,27,8,1.59
Binomial,core,27,16,1.83
Binomial,core,27,32,2.02
Binomial,core,27,64,1.86
Binomial,core,27,128,2.62
Binomial,core,27,256,2.73
Binomial,core,27,512,2.94
Binomial,core,27,1024,3.58
Binomial,core,27,2048,4.56
Binomial,core,27,4096,6.77
Binomial,core,27,8192,10.28
Binomial,core,27,16384,24.95
Binomial,core,27,32768,43.54
Binomial,core,27,65536,81.27
Binomial,core,27,131072,159.62
Binomial,core,27,262144,310.86
Binomial,core,27,524288,633.23
Binomial,core,27,1048576,1108.51
Binomial,core,28,1,1.55
Binomial,core,28,2,1.50
Binomial,core,28,4,1.49
Binomial,core,28,8,1.48
Binomial,core,28,16,1.49
Binomial,core,28,32,2.42
Binomial,core,28,64,1.84
Binomial,core,28,128,2.55
Binomial,core,28,256,2.68
Binomial,core,28,512,2.88
Binomial,core,28,1024,3.49
Binomial,core,28,2048,4.52
Binomial,core,28,4096,6.71
Binomial,core,28,8192,10.21
Binomial,core,28,16384,25.15
Binomial,core,28,32768,43.88
Binomial,core,28,65536,82.96
Binomial,core,28,131072,161.15
Binomial,core,28,262144,308.96
Binomial,core,28,524288,639.90
Binomial,core,28,1048576,1100.74
Binomial,core,29,1,1.53
Binomial,core,29,2,1.54
Binomial,core,29,4,1.54
Binomial,core,29,8,1.54
Binomial,core,29,16,1.79
Binomial,core,29,32,1.87
Binomial,core,29,64,1.89
Binomial,core,29,128,2.62
Binomial,core,29,256,2.74
Binomial,core,29,512,3.00
Binomial,core,29,1024,3.61
Binomial,core,29,2048,4.66
Binomial,core,29,4096,6.95
Binomial,core,29,8192,10.67
Binomial,core,29,16384,25.43
Binomial,core,29,32768,44.39
Binomial,core,29,65536,83.08
Binomial,core,29,131072,161.19
Binomial,core,29,262144,312.09
Binomial,core,29,524288,621.42
Binomial,core,29,1048576,1087.76
Binomial,core,30,1,1.51
Binomial,core,30,2,1.53
Binomial,core,30,4,1.52
Binomial,core,30,8,1.53
Binomial,core,30,16,1.93
Binomial,core,30,32,1.93
Binomial,core,30,64,1.87
Binomial,core,30,128,2.75
Binomial,core,30,256,2.83
Binomial,core,30,512,3.08
Binomial,core,30,1024,3.76
Binomial,core,30,2048,4.82
Binomial,core,30,4096,7.00
Binomial,core,30,8192,10.67
Binomial,core,30,16384,25.72
Binomial,core,30,32768,44.88
Binomial,core,30,65536,84.46
Binomial,core,30,131072,165.51
Binomial,core,30,262144,325.30
Binomial,core,30,524288,609.96
Binomial,core,30,1048576,1007.33
Binomial,core,31,1,1.59
Binomial,core,31,2,1.57
Binomial,core,31,4,1.59
Binomial,core,31,8,1.57
Binomial,core,31,16,1.92
Binomial,core,31,32,1.98
Binomial,core,31,64,1.93
Binomial,core,31,128,2.76
Binomial,core,31,256,2.90
Binomial,core,31,512,3.10
Binomial,core,31,1024,3.77
Binomial,core,31,2048,4.91
Binomial,core,31,4096,7.14
Binomial,core,31,8192,10.84
Binomial,core,31,16384,24.88
Binomial,core,31,32768,41.00
Binomial,core,31,65536,78.96
Binomial,core,31,131072,165.93
Binomial,core,31,262144,323.45
Binomial,core,31,524288,647.21
Binomial,core,31,1048576,1150.02
Binomial,core,32,1,2.15
Binomial,core,32,2,2.12
Binomial,core,32,4,2.13
Binomial,core,32,8,2.11
Binomial,core,32,16,2.12
Binomial,core,32,32,3.05
Binomial,core,32,64,2.60
Binomial,core,32,128,3.33
Binomial,core,32,256,3.62
Binomial,core,32,512,3.87
Binomial,core,32,1024,4.52
Binomial,core,32,2048,5.79
Binomial,core,32,4096,8.07
Binomial,core,32,8192,11.91
Binomial,core,32,16384,27.85
Binomial,core,32,32768,47.91
Binomial,core,32,65536,89.04
Binomial,core,32,131072,176.94
Binomial,core,32,262144,335.51
Binomial,core,32,524288,652.16
Binomial,core,32,1048576,1169.94
Binomial,core,33,1,4.16
Binomial,core,33,2,4.13
Binomial,core,33,4,4.13
Binomial,core,33,8,4.40
Binomial,core,33,16,4.29
Binomial,core,33,32,4.47
Binomial,core,33,64,4.47
Binomial,core,33,128,5.31
Binomial,core,33,256,5.58
Binomial,core,33,512,5.91
Binomial,core,33,1024,6.60
Binomial,core,33,2048,7.94
Binomial,core,33,4096,10.35
Binomial,core,33,8192,14.21
Binomial,core,33,16384,29.75
Binomial,core,33,32768,49.07
Binomial,core,33,65536,88.74
Binomial,core,33,131072,171.87
Binomial,core,33,262144,326.29
Binomial,core,33,524288,639.90
Binomial,core,33,1048576,1123.75
Binomial,core,34,1,3.97
Binomial,core,34,2,3.93
Binomial,core,34,4,3.94
Binomial,core,34,8,4.10
Binomial,core,34,16,4.18
Binomial,core,34,32,4.31
Binomial,core,34,64,4.25
Binomial,core,34,128,5.17
Binomial,core,34,256,5.39
Binomial,core,34,512,5.73
Binomial,core,34,1024,6.40
Binomial,core,34,2048,7.82
Binomial,core,34,4096,10.43
Binomial,core,34,8192,14.47
Binomial,core,34,16384,30.18
Binomial,core,34,32768,49.48
Binomial,core,34,65536,87.71
Binomial,core,34,131072,170.53
Binomial,core,34,262144,324.13
Binomial,core,34,524288,621.73
Binomial,core,34,1048576,1059.56
Binomial,core,35,1,3.91
Binomial,core,35,2,3.91
Binomial,core,35,4,3.89
Binomial,core,35,8,4.23
Binomial,core,35,16,4.10
Binomial,core,35,32,4.31
Binomial,core,35,64,4.18
Binomial,core,35,128,5.15
Binomial,core,35,256,5.35
Binomial,core,35,512,5.66
Binomial,core,35,1024,6.33
Binomial,core,35,2048,7.69
Binomial,core,35,4096,10.21
Binomial,core,35,8192,14.46
Binomial,core,35,16384,30.28
Binomial,core,35,32768,48.84
Binomial,core,35,65536,86.30
Binomial,core,35,131072,168.18
Binomial,core,35,262144,321.16
Binomial,core,35,524288,618.33
Binomial,core,35,1048576,1131.57
Binomial,core,36,1,3.62
Binomial,core,36,2,3.63
Binomial,core,36,4,3.62
Binomial,core,36,8,3.94
Binomial,core,36,16,4.21
Binomial,core,36,32,4.09
Binomial,core,36,64,3.97
Binomial,core,36,128,5.02
Binomial,core,36,256,5.23
Binomial,core,36,512,5.57
Binomial,core,36,1024,6.22
Binomial,core,36,2048,7.57
Binomial,core,36,4096,10.11
Binomial,core,36,8192,14.51
Binomial,core,36,16384,29.39
Binomial,core,36,32768,47.77
Binomial,core,36,65536,86.58
Binomial,core,36,131072,169.43
Binomial,core,36,262144,326.58
Binomial,core,36,524288,625.35
Binomial,core,36,1048576,1108.26
Binomial,core,37,1,3.58
Binomial,core,37,2,3.62
Binomial,core,37,4,3.57
Binomial,core,37,8,3.84
Binomial,core,37,16,4.15
Binomial,core,37,32,3.93
Binomial,core,37,64,3.87
Binomial,core,37,128,4.70
Binomial,core,37,256,4.96
Binomial,core,37,512,5.29
Binomial,core,37,1024,5.95
Binomial,core,37,2048,7.36
Binomial,core,37,4096,9.96
Binomial,core,37,8192,14.49
Binomial,core,37,16384,29.38
Binomial,core,37,32768,48.23
Binomial,core,37,65536,86.28
Binomial,core,37,131072,166.94
Binomial,core,37,262144,319.62
Binomial,core,37,524288,619.72
Binomial,core,37,1048576,1043.47
Binomial,core,38,1,3.45
Binomial,core,38,2,3.48
Binomial,core,38,4,3.43
Binomial,core,38,8,3.88
Binomial,core,38,16,3.77
Binomial,core,38,32,3.80
Binomial,core,38,64,3.64
Binomial,core,38,128,4.61
Binomial,core,38,256,4.87
Binomial,core,38,512,5.18
Binomial,core,38,1024,5.84
Binomial,core,38,2048,7.25
Binomial,core,38,4096,9.85
Binomial,core,38,8192,14.55
Binomial,core,38,16384,29.84
Binomial,core,38,32768,49.19
Binomial,core,38,65536,86.16
Binomial,core,38,131072,166.59
Binomial,core,38,262144,320.04
Binomial,core,38,524288,617.00
Binomial,core,38,1048576,1102.29
Binomial,core,39,1,3.40
Binomial,core,39,2,3.36
Binomial,core,39,4,3.36
Binomial,core,39,8,3.48
Binomial,core,39,16,3.78
Binomial,core,39,32,3.63
Binomial,core,39,64,3.57
Binomial,core,39,128,4.50
Binomial,core,39,256,4.76
Binomial,core,39,512,5.07
Binomial,core,39,1024,5.72
Binomial,core,39,2048,7.18
Binomial,core,39,4096,9.69
Binomial,core,39,8192,14.93
Binomial,core,39,16384,29.82
Binomial,core,39,32768,49.14
Binomial,core,39,65536,87.64
Binomial,core,39,131072,171.89
Binomial,core,39,262144,324.26
Binomial,core,39,524288,631.09
Binomial,core,39,1048576,1070.92
Binomial,core,40,1,3.39
Binomial,core,40,2,3.33
Binomial,core,40,4,3.35
Binomial,core,40,8,3.43
Binomial,core,40,16,4.21
Binomial,core,40,32,3.64
Binomial,core,40,64,3.60
Binomial,core,40,128,4.55
Binomial,core,40,256,4.85
Binomial,core,40,512,5.10
Binomial,core,40,1024,5.82
Binomial,core,40,2048,7.06
Binomial,core,40,4096,9.69
Binomial,core,40,8192,14.59
Binomial,core,40,16384,29.92
Binomial,core,40,32768,48.95
Binomial,core,40,65536,88.77
Binomial,core,40,131072,174.42
Binomial,core,40,262144,331.94
Binomial,core,40,524288,626.26
Binomial,core,40,1048576,1084.16
Binomial,core,41,1,3.44
Binomial,core,41,2,3.30
Binomial,core,41,4,3.34
Binomial,core,41,8,3.52
Binomial,core,41,16,3.61
Binomial,core,41,32,3.60
Binomial,core,41,64,3.67
Binomial,core,41,128,4.46
Binomial,core,41,256,4.80
Binomial,core,41,512,5.04
Binomial,core,41,1024,5.67
Binomial,core,41,2048,7.17
Binomial,core,41,4096,9.80
Binomial,core,41,8192,14.64
Binomial,core,41,16384,29.86
Binomial,core,41,32768,48.98
Binomial,core,41,65536,88.40
Binomial,core,41,131072,178.00
Binomial,core,41,262144,323.17
Binomial,core,41,524288,636.11
Binomial,core,41,1048576,1131.13
Binomial,core,42,1,3.09
Binomial,core,42,2,3.12
Binomial,core,42,4,3.11
Binomial,core,42,8,3.20
Binomial,core,42,16,3.43
Binomial,core,42,32,3.44
Binomial,core,42,64,3.45
Binomial,core,42,128,4.33
Binomial,core,42,256,4.59
Binomial,core,42,512,4.91
Binomial,core,42,1024,5.54
Binomial,core,42,2048,6.94
Binomial,core,42,4096,9.77
Binomial,core,42,8192,14.94
Binomial,core,42,16384,30.03
Binomial,core,42,32768,49.59
Binomial,core,42,65536,90.50
Binomial,core,42,131072,183.79
Binomial,core,42,262144,348.47
Binomial,core,42,524288,677.96
Binomial,core,42,1048576,1241.45
Binomial,core,43,1,3.14
Binomial,core,43,2,3.08
Binomial,core,43,4,3.09
Binomial,core,43,8,3.16
Binomial,core,43,16,3.28
Binomial,core,43,32,3.39
Binomial,core,43,64,3.44
Binomial,core,43,128,4.24
Binomial,core,43,256,4.56
Binomial,core,43,512,4.86
Binomial,core,43,1024,5.55
Binomial,core,43,2048,6.92
Binomial,core,43,4096,9.99
Binomial,core,43,8192,15.59
Binomial,core,43,16384,29.89
Binomial,core,43,32768,49.54
Binomial,core,43,65536,91.40
Binomial,core,43,131072,188.07
Binomial,core,43,262144,359.68
Binomial,core,43,524288,704.90
Binomial,core,43,1048576,1294.59
Binomial,core,44,1,2.99
Binomial,core,44,2,3.00
Binomial,core,44,4,2.95
Binomial,core,44,8,3.40
Binomial,core,44,16,3.14
Binomial,core,44,32,3.30
Binomial,core,44,64,3.40
Binomial,core,44,128,4.30
Binomial,core,44,256,4.53
Binomial,core,44,512,4.88
Binomial,core,44,1024,5.62
Binomial,core,44,2048,6.95
Binomial,core,44,4096,10.25
Binomial,core,44,8192,16.00
Binomial,core,44,16384,30.61
Binomial,core,44,32768,50.70
Binomial,core,44,65536,92.89
Binomial,core,44,131072,192.90
Binomial,core,44,262144,368.20
Binomial,core,44,524288,725.36
Binomial,core,44,1048576,1348.49
Binomial,core,45,1,2.94
Binomial,core,45,2,2.86
Binomial,core,45,4,2.92
Binomial,core,45,8,3.10
Binomial,core,45,16,3.14
Binomial,core,45,32,3.18
Binomial,core,45,64,3.36
Binomial,core,45,128,4.12
Binomial,core,45,256,4.38
Binomial,core,45,512,4.64
Binomial,core,45,1024,5.46
Binomial,core,45,2048,7.02
Binomial,core,45,4096,10.43
Binomial,core,45,8192,16.42
Binomial,core,45,16384,30.50
Binomial,core,45,32768,51.07
Binomial,core,45,65536,95.83
Binomial,core,45,131072,202.58
Binomial,core,45,262144,386.33
Binomial,core,45,524288,751.27
Binomial,core,45,1048576,1379.76
Binomial,core,46,1,2.91
Binomial,core,46,2,2.90
Binomial,core,46,4,2.94
Binomial,core,46,8,3.44
Binomial,core,46,16,2.89
Binomial,core,46,32,3.21
Binomial,core,46,64,3.42
Binomial,core,46,128,4.18
Binomial,core,46,256,4.55
Binomial,core,46,512,4.84
Binomial,core,46,1024,5.69
Binomial,core,46,2048,7.21
Binomial,core,46,4096,10.87
Binomial,core,46,8192,17.07
Binomial,core,46,16384,31.50
Binomial,core,46,32768,52.89
Binomial,core,46,65536,97.84
Binomial,core,46,131072,208.88
Binomial,core,46,262144,392.54
Binomial,core,46,524288,761.93
Binomial,core,46,1048576,1450.63
Binomial,core,47,1,3.04
Binomial,core,47,2,2.96
Binomial,core,47,4,2.98
Binomial,core,47,8,3.51
Binomial,core,47,16,3.00
Binomial,core,47,32,3.21
Binomial,core,47,64,3.51
Binomial,core,47,128,4.23
Binomial,core,47,256,4.62
Binomial,core,47,512,4.87
Binomial,core,47,1024,5.73
Binomial,core,47,2048,7.19
Binomial,core,47,4096,11.10
Binomial,core,47,8192,17.35
Binomial,core,47,16384,31.61
Binomial,core,47,32768,53.64
Binomial,core,47,65536,101.06
Binomial,core,47,131072,215.35
Binomial,core,47,262144,413.11
Binomial,core,47,524288,803.79
Binomial,core,47,1048576,1526.63
Binomial,core,48,1,3.03
Binomial,core,48,2,3.02
Binomial,core,48,4,3.02
Binomial,core,48,8,3.61
Binomial,core,48,16,3.14
Binomial,core,48,32,3.30
Binomial,core,48,64,3.55
Binomial,core,48,128,4.26
Binomial,core,48,256,4.65
Binomial,core,48,512,4.97
Binomial,core,48,1024,5.77
Binomial,core,48,2048,7.31
Binomial,core,48,4096,11.16
Binomial,core,48,8192,17.51
Binomial,core,48,16384,32.24
Binomial,core,48,32768,54.56
Binomial,core,48,65536,103.67
Binomial,core,48,131072,221.03
Binomial,core,48,262144,421.10
Binomial,core,48,524288,822.34
Binomial,core,48,1048576,1572.08
Binomial,socket,2,1,0.42
Binomial,socket,2,2,0.42
Binomial,socket,2,4,0.40
Binomial,socket,2,8,0.38
Binomial,socket,2,16,0.38
Binomial,socket,2,32,0.62
Binomial,socket,2,64,0.53
Binomial,socket,2,128,0.80
Binomial,socket,2,256,0.86
Binomial,socket,2,512,0.91
Binomial,socket,2,1024,1.05
Binomial,socket,2,2048,1.43
Binomial,socket,2,4096,2.06
Binomial,socket,2,8192,3.30
Binomial,socket,2,16384,3.71
Binomial,socket,2,32768,5.95
Binomial,socket,2,65536,7.84
Binomial,socket,2,131072,10.58
Binomial,socket,2,262144,16.16
Binomial,socket,2,524288,28.94
Binomial,socket,2,1048576,61.58
Binomial,socket,3,1,0.66
Binomial,socket,3,2,0.65
Binomial,socket,3,4,0.65
Binomial,socket,3,8,0.65
Binomial,socket,3,16,0.65
Binomial,socket,3,32,0.77
Binomial,socket,3,64,0.75
Binomial,socket,3,128,1.14
Binomial,socket,3,256,1.17
Binomial,socket,3,512,1.31
Binomial,socket,3,1024,1.60
Binomial,socket,3,2048,2.12
Binomial,socket,3,4096,3.00
Binomial,socket,3,8192,4.61
Binomial,socket,3,16384,6.49
Binomial,socket,3,32768,10.80
Binomial,socket,3,65536,14.48
Binomial,socket,3,131072,24.63
Binomial,socket,3,262144,42.06
Binomial,socket,3,524288,79.57
Binomial,socket,3,1048576,160.06
Binomial,socket,4,1,0.59
Binomial,socket,4,2,0.58
Binomial,socket,4,4,0.58
Binomial,socket,4,8,0.58
Binomial,socket,4,16,0.58
Binomial,socket,4,32,0.78
Binomial,socket,4,64,0.78
Binomial,socket,4,128,1.11
Binomial,socket,4,256,1.15
Binomial,socket,4,512,1.31
Binomial,socket,4,1024,1.60
Binomial,socket,4,2048,2.45
Binomial,socket,4,4096,3.35
Binomial,socket,4,8192,5.33
Binomial,socket,4,16384,9.47
Binomial,socket,4,32768,15.09
Binomial,socket,4,65536,20.56
Binomial,socket,4,131072,34.89
Binomial,socket,4,262144,65.88
Binomial,socket,4,524288,123.49
Binomial,socket,4,1048576,259.81
Binomial,socket,5,1,0.60
Binomial,socket,5,2,0.59
Binomial,socket,5,4,0.59
Binomial,socket,5,8,0.58
Binomial,socket,5,16,0.58
Binomial,socket,5,32,0.73
Binomial,socket,5,64,0.71
Binomial,socket,5,128,1.14
Binomial,socket,5,256,1.19
Binomial,socket,5,512,1.32
Binomial,socket,5,1024,1.67
Binomial,socket,5,2048,2.56
Binomial,socket,5,4096,3.56
Binomial,socket,5,8192,5.57
Binomial,socket,5,16384,10.18
Binomial,socket,5,32768,15.34
Binomial,socket,5,65536,27.95
Binomial,socket,5,131072,56.19
Binomial,socket,5,262144,116.75
Binomial,socket,5,524288,231.03
Binomial,socket,5,1048576,454.71
Binomial,socket,6,1,0.79
Binomial,socket,6,2,0.79
Binomial,socket,6,4,0.77
Binomial,socket,6,8,0.78
Binomial,socket,6,16,0.77
Binomial,socket,6,32,0.93
Binomial,socket,6,64,0.93
Binomial,socket,6,128,1.51
Binomial,socket,6,256,1.52
Binomial,socket,6,512,1.69
Binomial,socket,6,1024,2.06
Binomial,socket,6,2048,3.07
Binomial,socket,6,4096,4.24
Binomial,socket,6,8192,6.23
Binomial,socket,6,16384,11.85
Binomial,socket,6,32768,19.77
Binomial,socket,6,65536,36.48
Binomial,socket,6,131072,69.15
Binomial,socket,6,262144,133.62
Binomial,socket,6,524288,254.43
Binomial,socket,6,1048576,502.17
Binomial,socket,7,1,0.83
Binomial,socket,7,2,0.81
Binomial,socket,7,4,0.80
Binomial,socket,7,8,0.80
Binomial,socket,7,16,0.80
Binomial,socket,7,32,0.93
Binomial,socket,7,64,0.97
Binomial,socket,7,128,1.50
Binomial,socket,7,256,1.54
Binomial,socket,7,512,1.73
Binomial,socket,7,1024,2.11
Binomial,socket,7,2048,3.06
Binomial,socket,7,4096,4.21
Binomial,socket,7,8192,6.35
Binomial,socket,7,16384,12.54
Binomial,socket,7,32768,20.36
Binomial,socket,7,65536,37.57
Binomial,socket,7,131072,66.98
Binomial,socket,7,262144,136.25
Binomial,socket,7,524288,275.67
Binomial,socket,7,1048576,484.81
Binomial,socket,8,1,1.03
Binomial,socket,8,2,1.01
Binomial,socket,8,4,1.02
Binomial,socket,8,8,1.04
Binomial,socket,8,16,1.05
Binomial,socket,8,32,1.65
Binomial,socket,8,64,1.43
Binomial,socket,8,128,1.91
Binomial,socket,8,256,1.96
Binomial,socket,8,512,2.25
Binomial,socket,8,1024,2.52
Binomial,socket,8,2048,3.47
Binomial,socket,8,4096,4.80
Binomial,socket,8,8192,6.95
Binomial,socket,8,16384,13.48
Binomial,socket,8,32768,19.97
Binomial,socket,8,65536,36.62
Binomial,socket,8,131072,72.41
Binomial,socket,8,262144,145.16
Binomial,socket,8,524288,286.71
Binomial,socket,8,1048576,504.17
Binomial,socket,9,1,1.38
Binomial,socket,9,2,1.33
Binomial,socket,9,4,1.33
Binomial,socket,9,8,1.35
Binomial,socket,9,16,1.33
Binomial,socket,9,32,1.71
Binomial,socket,9,64,1.71
Binomial,socket,9,128,2.14
Binomial,socket,9,256,2.19
Binomial,socket,9,512,2.47
Binomial,socket,9,1024,3.10
Binomial,socket,9,2048,3.73
Binomial,socket,9,4096,5.13
Binomial,socket,9,8192,7.50
Binomial,socket,9,16384,14.08
Binomial,socket,9,32768,20.98
Binomial,socket,9,65536,36.46
Binomial,socket,9,131072,71.33
Binomial,socket,9,262144,142.41
Binomial,socket,9,524288,285.14
Binomial,socket,9,1048576,553.26
Binomial,socket,10,1,1.23
Binomial,socket,10,2,1.17
Binomial,socket,10,4,1.19
Binomial,socket,10,8,1.18
Binomial,socket,10,16,1.18
Binomial,socket,10,32,1.57
Binomial,socket,10,64,1.51
Binomial,socket,10,128,2.03
Binomial,socket,10,256,2.10
Binomial,socket,10,512,2.43
Binomial,socket,10,1024,3.28
Binomial,socket,10,2048,3.88
Binomial,socket,10,4096,5.18
Binomial,socket,10,8192,7.61
Binomial,socket,10,16384,16.24
Binomial,socket,10,32768,26.29
Binomial,socket,10,65536,45.94
Binomial,socket,10,131072,85.53
Binomial,socket,10,262144,164.71
Binomial,socket,10,524288,325.26
Binomial,socket,10,1048576,586.26
Binomial,socket,11,1,1.19
Binomial,socket,11,2,1.15
Binomial,socket,11,4,1.09
Binomial,socket,11,8,1.08
Binomial,socket,11,16,1.09
Binomial,socket,11,32,1.48
Binomial,socket,11,64,1.37
Binomial,socket,11,128,1.98
Binomial,socket,11,256,2.00
Binomial,socket,11,512,2.31
Binomial,socket,11,1024,3.05
Binomial,socket,11,2048,3.69
Binomial,socket,11,4096,5.08
Binomial,socket,11,8192,7.67
Binomial,socket,11,16384,15.41
Binomial,socket,11,32768,24.47
Binomial,socket,11,65536,42.54
Binomial,socket,11,131072,82.27
Binomial,socket,11,262144,161.70
Binomial,socket,11,524288,313.86
Binomial,socket,11,1048576,620.47
Binomial,socket,12,1,1.21
Binomial,socket,12,2,1.20
Binomial,socket,12,4,1.19
Binomial,socket,12,8,1.18
Binomial,socket,12,16,1.20
Binomial,socket,12,32,1.55
Binomial,socket,12,64,1.50
Binomial,socket,12,128,2.15
Binomial,socket,12,256,2.19
Binomial,socket,12,512,2.60
Binomial,socket,12,1024,3.00
Binomial,socket,12,2048,3.91
Binomial,socket,12,4096,5.28
Binomial,socket,12,8192,7.90
Binomial,socket,12,16384,15.74
Binomial,socket,12,32768,23.25
Binomial,socket,12,65536,40.03
Binomial,socket,12,131072,78.26
Binomial,socket,12,262144,156.11
Binomial,socket,12,524288,323.10
Binomial,socket,12,1048576,587.81
Binomial,socket,13,1,1.13
Binomial,socket,13,2,1.08
Binomial,socket,13,4,1.08
Binomial,socket,13,8,1.07
Binomial,socket,13,16,1.09
Binomial,socket,13,32,1.36
Binomial,socket,13,64,1.30
Binomial,socket,13,128,1.95
Binomial,socket,13,256,1.99
Binomial,socket,13,512,2.51
Binomial,socket,13,1024,2.66
Binomial,socket,13,2048,3.70
Binomial,socket,13,4096,5.24
Binomial,socket,13,8192,7.74
Binomial,socket,13,16384,16.31
Binomial,socket,13,32768,25.89
Binomial,socket,13,65536,46.90
Binomial,socket,13,131072,88.58
Binomial,socket,13,262144,173.85
Binomial,socket,13,524288,323.47
Binomial,socket,13,1048576,583.62
Binomial,socket,14,1,1.12
Binomial,socket,14,2,1.12
Binomial,socket,14,4,1.08
Binomial,socket,14,8,1.06
Binomial,socket,14,16,1.07
Binomial,socket,14,32,1.40
Binomial,socket,14,64,1.36
Binomial,socket,14,128,2.01
Binomial,socket,14,256,2.13
Binomial,socket,14,512,2.48
Binomial,socket,14,1024,2.89
Binomial,socket,14,2048,3.93
Binomial,socket,14,4096,5.45
Binomial,socket,14,8192,8.38
Binomial,socket,14,16384,16.94
Binomial,socket,14,32768,27.13
Binomial,socket,14,65536,49.16
Binomial,socket,14,131072,93.31
Binomial,socket,14,262144,186.69
Binomial,socket,14,524288,361.37
Binomial,socket,14,1048576,663.41
Binomial,socket,15,1,0.99
Binomial,socket,15,2,0.98
Binomial,socket,15,4,0.99
Binomial,socket,15,8,0.98
Binomial,socket,15,16,0.99
Binomial,socket,15,32,1.28
Binomial,socket,15,64,1.24
Binomial,socket,15,128,1.94
Binomial,socket,15,256,2.04
Binomial,socket,15,512,2.54
Binomial,socket,15,1024,2.84
Binomial,socket,15,2048,3.90
Binomial,socket,15,4096,5.58
Binomial,socket,15,8192,8.36
Binomial,socket,15,16384,17.12
Binomial,socket,15,32768,29.17
Binomial,socket,15,65536,52.06
Binomial,socket,15,131072,96.25
Binomial,socket,15,262144,189.61
Binomial,socket,15,524288,367.25
Binomial,socket,15,1048576,672.74
Binomial,socket,16,1,1.34
Binomial,socket,16,2,1.30
Binomial,socket,16,4,1.24
Binomial,socket,16,8,1.24
Binomial,socket,16,16,1.23
Binomial,socket,16,32,1.93
Binomial,socket,16,64,1.64
Binomial,socket,16,128,2.32
Binomial,socket,16,256,2.38
Binomial,socket,16,512,3.15
Binomial,socket,16,1024,3.04
Binomial,socket,16,2048,4.17
Binomial,socket,16,4096,5.81
Binomial,socket,16,8192,8.47
Binomial,socket,16,16384,17.63
Binomial,socket,16,32768,28.23
Binomial,socket,16,65536,50.31
Binomial,socket,16,131072,96.88
Binomial,socket,16,262144,189.18
Binomial,socket,16,524288,362.46
Binomial,socket,16,1048576,674.17
Binomial,socket,17,1,1.71
Binomial,socket,17,2,1.62
Binomial,socket,17,4,1.61
Binomial,socket,17,8,1.61
Binomial,socket,17,16,1.62
Binomial,socket,17,32,2.04
Binomial,socket,17,64,1.99
Binomial,socket,17,128,2.59
Binomial,socket,17,256,2.69
Binomial,socket,17,512,3.23
Binomial,socket,17,1024,3.50
Binomial,socket,17,2048,4.46
Binomial,socket,17,4096,6.28
Binomial,socket,17,8192,8.95
Binomial,socket,17,16384,18.82
Binomial,socket,17,32768,29.16
Binomial,socket,17,65536,50.92
Binomial,socket,17,131072,98.76
Binomial,socket,17,262144,194.84
Binomial,socket,17,524288,387.10
Binomial,socket,17,1048576,698.57
Binomial,socket,18,1,1.67
Binomial,socket,18,2,1.56
Binomial,socket,18,4,1.54
Binomial,socket,18,8,1.53
Binomial,socket,18,16,1.54
Binomial,socket,18,32,1.97
Binomial,socket,18,64,1.96
Binomial,socket,18,128,2.49
Binomial,socket,18,256,2.69
Binomial,socket,18,512,3.02
Binomial,socket,18,1024,3.49
Binomial,socket,18,2048,4.67
Binomial,socket,18,4096,6.45
Binomial,socket,18,8192,9.37
Binomial,socket,18,16384,19.62
Binomial,socket,18,32768,31.44
Binomial,socket,18,65536,55.29
Binomial,socket,18,131072,104.27
Binomial,socket,18,262144,202.13
Binomial,socket,18,524288,396.92
Binomial,socket,18,1048576,752.32
Binomial,socket,19,1,1.51
Binomial,socket,19,2,1.41
Binomial,socket,19,4,1.45
Binomial,socket,19,8,1.39
Binomial,socket,19,16,1.45
Binomial,socket,19,32,1.81
Binomial,socket,19,64,1.84
Binomial,socket,19,128,2.39
Binomial,socket,19,256,2.62
Binomial,socket,19,512,2.86
Binomial,socket,19,1024,3.36
Binomial,socket,19,2048,4.55
Binomial,socket,19,4096,6.22
Binomial,socket,19,8192,9.18
Binomial,socket,19,16384,18.51
Binomial,socket,19,32768,30.01
Binomial,socket,19,65536,54.63
Binomial,socket,19,131072,104.11
Binomial,socket,19,262144,204.47
Binomial,socket,19,524288,405.04
Binomial,socket,19,1048576,744.89
Binomial,socket,20,1,1.46
Binomial,socket,20,2,1.47
Binomial,socket,20,4,1.47
Binomial,socket,20,8,1.47
Binomial,socket,20,16,1.48
Binomial,socket,20,32,1.85
Binomial,socket,20,64,1.83
Binomial,socket,20,128,2.44
Binomial,socket,20,256,2.84
Binomial,socket,20,512,2.94
Binomial,socket,20,1024,3.29
Binomial,socket,20,2048,4.51
Binomial,socket,20,4096,6.15
Binomial,socket,20,8192,9.04
Binomial,socket,20,16384,19.35
Binomial,socket,20,32768,31.61
Binomial,socket,20,65536,56.93
Binomial,socket,20,131072,107.67
Binomial,socket,20,262144,211.74
Binomial,socket,20,524288,421.48
Binomial,socket,20,1048576,800.11
Binomial,socket,21,1,1.41
Binomial,socket,21,2,1.37
Binomial,socket,21,4,1.37
Binomial,socket,21,8,1.36
Binomial,socket,21,16,1.37
Binomial,socket,21,32,1.71
Binomial,socket,21,64,1.69
Binomial,socket,21,128,2.37
Binomial,socket,21,256,2.62
Binomial,socket,21,512,2.72
Binomial,socket,21,1024,3.26
Binomial,socket,21,2048,4.43
Binomial,socket,21,4096,6.11
Binomial,socket,21,8192,9.22
Binomial,socket,21,16384,19.05
Binomial,socket,21,32768,32.57
Binomial,socket,21,65536,59.52
Binomial,socket,21,131072,111.97
Binomial,socket,21,262144,215.52
Binomial,socket,21,524288,422.03
Binomial,socket,21,1048576,764.51
Binomial,socket,22,1,1.43
Binomial,socket,22,2,1.42
Binomial,socket,22,4,1.43
Binomial,socket,22,8,1.43
Binomial,socket,22,16,1.43
Binomial,socket,22,32,1.79
Binomial,socket,22,64,1.76
Binomial,socket,22,128,2.45
Binomial,socket,22,256,3.05
Binomial,socket,22,512,2.87
Binomial,socket,22,1024,3.36
Binomial,socket,22,2048,4.56
Binomial,socket,22,4096,6.21
Binomial,socket,22,8192,9.14
Binomial,socket,22,16384,19.64
Binomial,socket,22,32768,34.30
Binomial,socket,22,65536,61.68
Binomial,socket,22,131072,114.23
Binomial,socket,22,262144,218.97
Binomial,socket,22,524288,427.95
Binomial,socket,22,1048576,768.14
Binomial,socket,23,1,1.33
Binomial,socket,23,2,1.30
Binomial,socket,23,4,1.29
Binomial,socket,23,8,1.28
Binomial,socket,23,16,1.29
Binomial,socket,23,32,1.66
Binomial,socket,23,64,1.63
Binomial,socket,23,128,2.35
Binomial,socket,23,256,2.74
Binomial,socket,23,512,2.68
Binomial,socket,23,1024,3.26
Binomial,socket,23,2048,4.46
Binomial,socket,23,4096,6.15
Binomial,socket,23,8192,9.15
Binomial,socket,23,16384,19.69
Binomial,socket,23,32768,32.31
Binomial,socket,23,65536,60.23
Binomial,socket,23,131072,116.90
Binomial,socket,23,262144,225.27
Binomial,socket,23,524288,439.15
Binomial,socket,23,1048576,838.84
Binomial,socket,24,1,1.36
Binomial,socket,24,2,1.35
Binomial,socket,24,4,1.33
Binomial,socket,24,8,1.33
Binomial,socket,24,16,1.33
Binomial,socket,24,32,1.72
Binomial,socket,24,64,1.69
Binomial,socket,24,128,2.42
Binomial,socket,24,256,2.62
Binomial,socket,24,512,2.74
Binomial,socket,24,1024,3.38
Binomial,socket,24,2048,4.65
Binomial,socket,24,4096,6.49
Binomial,socket,24,8192,9.50
Binomial,socket,24,16384,20.72
Binomial,socket,24,32768,33.76
Binomial,socket,24,65536,61.10
Binomial,socket,24,131072,114.71
Binomial,socket,24,262144,227.39
Binomial,socket,24,524288,442.30
Binomial,socket,24,1048576,807.27
Binomial,socket,25,1,1.12
Binomial,socket,25,2,1.10
Binomial,socket,25,4,1.09
Binomial,socket,25,8,1.09
Binomial,socket,25,16,1.09
Binomial,socket,25,32,1.33
Binomial,socket,25,64,1.60
Binomial,socket,25,128,2.09
Binomial,socket,25,256,2.16
Binomial,socket,25,512,2.35
Binomial,socket,25,1024,3.01
Binomial,socket,25,2048,4.22
Binomial,socket,25,4096,6.02
Binomial,socket,25,8192,9.15
Binomial,socket,25,16384,20.05
Binomial,socket,25,32768,33.72
Binomial,socket,25,65536,61.76
Binomial,socket,25,131072,118.76
Binomial,socket,25,262144,227.85
Binomial,socket,25,524288,449.05
Binomial,socket,25,1048576,840.73
Binomial,socket,26,1,1.32
Binomial,socket,26,2,1.29
Binomial,socket,26,4,1.30
Binomial,socket,26,8,1.29
Binomial,socket,26,16,1.66
Binomial,socket,26,32,1.56
Binomial,socket,26,64,1.60
Binomial,socket,26,128,2.21
Binomial,socket,26,256,2.31
Binomial,socket,26,512,2.51
Binomial,socket,26,1024,3.15
Binomial,socket,26,2048,4.43
Binomial,socket,26,4096,6.30
Binomial,socket,26,8192,9.54
Binomial,socket,26,16384,20.35
Binomial,socket,26,32768,34.84
Binomial,socket,26,65536,63.45
Binomial,socket,26,131072,120.26
Binomial,socket,26,262144,231.70
Binomial,socket,26,524288,455.51
Binomial,socket,26,1048576,833.86
Binomial,socket,27,1,1.18
Binomial,socket,27,2,1.16
Binomial,socket,27,4,1.15
Binomial,socket,27,8,1.16
Binomial,socket,27,16,1.51
Binomial,socket,27,32,1.47
Binomial,socket,27,64,1.50
Binomial,socket,27,128,2.06
Binomial,socket,27,256,2.14
Binomial,socket,27,512,2.32
Binomial,socket,27,1024,2.98
Binomial,socket,27,2048,4.26
Binomial,socket,27,4096,6.13
Binomial,socket,27,8192,9.38
Binomial,socket,27,16384,20.17
Binomial,socket,27,32768,34.24
Binomial,socket,27,65536,62.42
Binomial,socket,27,131072,121.25
Binomial,socket,27,262144,231.42
Binomial,socket,27,524288,457.43
Binomial,socket,27,1048576,871.74
Binomial,socket,28,1,1.23
Binomial,socket,28,2,1.23
Binomial,socket,28,4,1.23
Binomial,socket,28,8,1.22
Binomial,socket,28,16,1.58
Binomial,socket,28,32,1.66
Binomial,socket,28,64,1.55
Binomial,socket,28,128,2.11
Binomial,socket,28,256,2.22
Binomial,socket,28,512,2.45
Binomial,socket,28,1024,3.10
Binomial,socket,28,2048,4.43
Binomial,socket,28,4096,6.40
Binomial,socket,28,8192,9.75
Binomial,socket,28,16384,20.12
Binomial,socket,28,32768,34.51
Binomial,socket,28,65536,62.34
Binomial,socket,28,131072,122.35
Binomial,socket,28,262144,236.58
Binomial,socket,28,524288,466.56
Binomial,socket,28,1048576,894.77
Binomial,socket,29,1,1.19
Binomial,socket,29,2,1.19
Binomial,socket,29,4,1.20
Binomial,socket,29,8,1.19
Binomial,socket,29,16,1.49
Binomial,socket,29,32,1.57
Binomial,socket,29,64,1.49
Binomial,socket,29,128,2.00
Binomial,socket,29,256,2.12
Binomial,socket,29,512,2.31
Binomial,socket,29,1024,2.98
Binomial,socket,29,2048,4.32
Binomial,socket,29,4096,6.34
Binomial,socket,29,8192,9.71
Binomial,socket,29,16384,20.36
Binomial,socket,29,32768,34.67
Binomial,socket,29,65536,62.29
Binomial,socket,29,131072,122.36
Binomial,socket,29,262144,235.12
Binomial,socket,29,524288,458.59
Binomial,socket,29,1048576,826.48
Binomial,socket,30,1,1.28
Binomial,socket,30,2,1.26
Binomial,socket,30,4,1.25
Binomial,socket,30,8,1.26
Binomial,socket,30,16,1.85
Binomial,socket,30,32,1.45
Binomial,socket,30,64,1.55
Binomial,socket,30,128,2.08
Binomial,socket,30,256,2.18
Binomial,socket,30,512,2.39
Binomial,socket,30,1024,3.08
Binomial,socket,30,2048,4.39
Binomial,socket,30,4096,6.40
Binomial,socket,30,8192,9.82
Binomial,socket,30,16384,21.70
Binomial,socket,30,32768,35.41
Binomial,socket,30,65536,64.71
Binomial,socket,30,131072,125.34
Binomial,socket,30,262144,238.90
Binomial,socket,30,524288,466.30
Binomial,socket,30,1048576,915.78
Binomial,socket,31,1,1.24
Binomial,socket,31,2,1.22
Binomial,socket,31,4,1.24
Binomial,socket,31,8,1.51
Binomial,socket,31,16,1.55
Binomial,socket,31,32,1.39
Binomial,socket,31,64,1.52
Binomial,socket,31,128,1.96
Binomial,socket,31,256,2.09
Binomial,socket,31,512,2.27
Binomial,socket,31,1024,2.95
Binomial,socket,31,2048,4.32
Binomial,socket,31,4096,6.37
Binomial,socket,31,8192,9.79
Binomial,socket,31,16384,20.78
Binomial,socket,31,32768,35.14
Binomial,socket,31,65536,63.93
Binomial,socket,31,131072,128.93
Binomial,socket,31,262144,232.96
Binomial,socket,31,524288,450.71
Binomial,socket,31,1048576,851.17
Binomial,socket,32,1,1.83
Binomial,socket,32,2,1.80
Binomial,socket,32,4,1.79
Binomial,socket,32,8,1.81
Binomial,socket,32,16,2.05
Binomial,socket,32,32,2.61
Binomial,socket,32,64,2.54
Binomial,socket,32,128,3.10
Binomial,socket,32,256,3.23
Binomial,socket,32,512,3.52
Binomial,socket,32,1024,4.00
Binomial,socket,32,2048,5.56
Binomial,socket,32,4096,7.64
Binomial,socket,32,8192,11.42
Binomial,socket,32,16384,22.68
Binomial,socket,32,32768,36.68
Binomial,socket,32,65536,64.89
Binomial,socket,32,131072,130.16
Binomial,socket,32,262144,250.89
Binomial,socket,32,524288,492.65
Binomial,socket,32,1048576,951.58
Binomial,socket,33,1,3.77
Binomial,socket,33,2,3.79
Binomial,socket,33,4,3.76
Binomial,socket,33,8,4.07
Binomial,socket,33,16,3.98
Binomial,socket,33,32,4.38
Binomial,socket,33,64,4.42
Binomial,socket,33,128,5.19
Binomial,socket,33,256,5.36
Binomial,socket,33,512,5.70
Binomial,socket,33,1024,6.23
Binomial,socket,33,2048,7.73
Binomial,socket,33,4096,9.86
Binomial,socket,33,8192,13.66
Binomial,socket,33,16384,24.75
Binomial,socket,33,32768,38.95
Binomial,socket,33,65536,67.44
Binomial,socket,33,131072,129.72
Binomial,socket,33,262144,246.24
Binomial,socket,33,524288,481.79
Binomial,socket,33,1048576,928.88
Binomial,socket,34,1,3.91
Binomial,socket,34,2,3.81
Binomial,socket,34,4,3.82
Binomial,socket,34,8,4.29
Binomial,socket,34,16,4.10
Binomial,socket,34,32,4.25
Binomial,socket,34,64,4.17
Binomial,socket,34,128,5.03
Binomial,socket,34,256,5.17
Binomial,socket,34,512,5.45
Binomial,socket,34,1024,6.05
Binomial,socket,34,2048,7.64
Binomial,socket,34,4096,10.07
Binomial,socket,34,8192,14.14
Binomial,socket,34,16384,25.38
Binomial,socket,34,32768,38.78
Binomial,socket,34,65536,65.77
Binomial,socket,34,131072,127.88
Binomial,socket,34,262144,243.42
Binomial,socket,34,524288,475.83
Binomial,socket,34,1048576,922.48
Binomial,socket,35,1,3.70
Binomial,socket,35,2,3.65
Binomial,socket,35,4,3.65
Binomial,socket,35,8,3.83
Binomial,socket,35,16,4.09
Binomial,socket,35,32,3.98
Binomial,socket,35,64,3.92
Binomial,socket,35,128,4.78
Binomial,socket,35,256,4.95
Binomial,socket,35,512,5.25
Binomial,socket,35,1024,5.88
Binomial,socket,35,2048,7.47
Binomial,socket,35,4096,10.02
Binomial,socket,35,8192,14.30
Binomial,socket,35,16384,24.83
Binomial,socket,35,32768,39.14
Binomial,socket,35,65536,65.82
Binomial,socket,35,131072,129.46
Binomial,socket,35,262144,247.73
Binomial,socket,35,524288,484.33
Binomial,socket,35,1048576,913.77
Binomial,socket,36,1,3.59
Binomial,socket,36,2,3.47
Binomial,socket,36,4,3.48
Binomial,socket,36,8,3.51
Binomial,socket,36,16,3.84
Binomial,socket,36,32,3.83
Binomial,socket,36,64,3.91
Binomial,socket,36,128,4.63
Binomial,socket,36,256,4.87
Binomial,socket,36,512,5.07
Binomial,socket,36,1024,5.78
Binomial,socket,36,2048,7.45
Binomial,socket,36,4096,10.23
Binomial,socket,36,8192,14.84
Binomial,socket,36,16384,25.21
Binomial,socket,36,32768,38.96
Binomial,socket,36,65536,66.45
Binomial,socket,36,131072,134.50
Binomial,socket,36,262144,254.41
Binomial,socket,36,524288,498.42
Binomial,socket,36,1048576,972.68
Binomial,socket,37,1,3.43
Binomial,socket,37,2,3.38
Binomial,socket,37,4,3.38
Binomial,socket,37,8,3.84
Binomial,socket,37,16,3.41
Binomial,socket,37,32,3.71
Binomial,socket,37,64,3.71
Binomial,socket,37,128,4.57
Binomial,socket,37,256,4.72
Binomial,socket,37,512,5.00
Binomial,socket,37,1024,5.64
Binomial,socket,37,2048,7.35
Binomial,socket,37,4096,10.02
Binomial,socket,37,8192,14.72
Binomial,socket,37,16384,24.69
Binomial,socket,37,32768,38.50
Binomial,socket,37,65536,66.14
Binomial,socket,37,131072,134.17
Binomial,socket,37,262144,264.68
Binomial,socket,37,524288,529.60
Binomial,socket,37,1048576,1034.37
Binomial,socket,38,1,3.33
Binomial,socket,38,2,3.32
Binomial,socket,38,4,3.31
Binomial,socket,38,8,4.17
Binomial,socket,38,16,3.38
Binomial,socket,38,32,3.70
Binomial,socket,38,64,3.74
Binomial,socket,38,128,4.52
Binomial,socket,38,256,4.66
Binomial,socket,38,512,4.94
Binomial,socket,38,1024,5.61
Binomial,socket,38,2048,7.31
Binomial,socket,38,4096,9.99
Binomial,socket,38,8192,14.90
Binomial,socket,38,16384,25.37
Binomial,socket,38,32768,40.04
Binomial,socket,38,65536,68.74
Binomial,socket,38,131072,143.09
Binomial,socket,38,262144,280.43
Binomial,socket,38,524288,558.84
Binomial,socket,38,1048576,1091.98
Binomial,socket,39,1,3.25
Binomial,socket,39,2,3.22
Binomial,socket,39,4,3.22
Binomial,socket,39,8,3.82
Binomial,socket,39,16,3.24
Binomial,socket,39,32,3.61
Binomial,socket,39,64,3.68
Binomial,socket,39,128,4.47
Binomial,socket,39,256,4.71
Binomial,socket,39,512,4.95
Binomial,socket,39,1024,5.77
Binomial,socket,39,2048,7.38
Binomial,socket,39,4096,10.35
Binomial,socket,39,8192,15.58
Binomial,socket,39,16384,25.56
Binomial,socket,39,32768,39.87
Binomial,socket,39,65536,70.29
Binomial,socket,39,131072,149.82
Binomial,socket,39,262144,293.84
Binomial,socket,39,524288,592.13
Binomial,socket,39,1048576,1146.99
Binomial,socket,40,1,3.21
Binomial,socket,40,2,3.17
Binomial,socket,40,4,3.25
Binomial,socket,40,8,3.58
Binomial,socket,40,16,3.28
Binomial,socket,40,32,3.50
Binomial,socket,40,64,3.66
Binomial,socket,40,128,4.54
Binomial,socket,40,256,4.67
Binomial,socket,40,512,4.92
Binomial,socket,40,1024,5.58
Binomial,socket,40,2048,7.42
Binomial,socket,40,4096,10.45
Binomial,socket,40,8192,15.68
Binomial,socket,40,16384,26.23
Binomial,socket,40,32768,40.58
Binomial,socket,40,65536,71.92
Binomial,socket,40,131072,155.29
Binomial,socket,40,262144,308.62
Binomial,socket,40,524288,620.79
Binomial,socket,40,1048576,1214.11
Binomial,socket,41,1,3.16
Binomial,socket,41,2,3.13
Binomial,socket,41,4,3.21
Binomial,socket,41,8,3.67
Binomial,socket,41,16,3.16
Binomial,socket,41,32,3.52
Binomial,socket,41,64,3.69
Binomial,socket,41,128,4.43
Binomial,socket,41,256,4.60
Binomial,socket,41,512,4.87
Binomial,socket,41,1024,5.61
Binomial,socket,41,2048,7.28
Binomial,socket,41,4096,10.21
Binomial,socket,41,8192,15.54
Binomial,socket,41,16384,25.32
Binomial,socket,41,32768,41.02
Binomial,socket,41,65536,73.96
Binomial,socket,41,131072,163.42
Binomial,socket,41,262144,331.43
Binomial,socket,41,524288,670.20
Binomial,socket,41,1048576,1301.09
Binomial,socket,42,1,3.17
Binomial,socket,42,2,3.16
Binomial,socket,42,4,3.15
Binomial,socket,42,8,3.60
Binomial,socket,42,16,3.46
Binomial,socket,42,32,3.55
Binomial,socket,42,64,3.73
Binomial,socket,42,128,4.43
Binomial,socket,42,256,4.62
Binomial,socket,42,512,4.86
Binomial,socket,42,1024,5.60
Binomial,socket,42,2048,7.39
Binomial,socket,42,4096,10.57
Binomial,socket,42,8192,16.11
Binomial,socket,42,16384,25.74
Binomial,socket,42,32768,41.79
Binomial,socket,42,65536,76.63
Binomial,socket,42,131072,172.50
Binomial,socket,42,262144,346.10
Binomial,socket,42,524288,694.33
Binomial,socket,42,1048576,1349.93
Binomial,socket,43,1,3.03
Binomial,socket,43,2,3.01
Binomial,socket,43,4,3.03
Binomial,socket,43,8,3.72
Binomial,socket,43,16,3.10
Binomial,socket,43,32,3.44
Binomial,socket,43,64,3.59
Binomial,socket,43,128,4.34
Binomial,socket,43,256,4.53
Binomial,socket,43,512,4.79
Binomial,socket,43,1024,5.51
Binomial,socket,43,2048,7.42
Binomial,socket,43,4096,10.83
Binomial,socket,43,8192,16.51
Binomial,socket,43,16384,26.40
Binomial,socket,43,32768,43.25
Binomial,socket,43,65536,79.85
Binomial,socket,43,131072,182.69
Binomial,socket,43,262144,367.07
Binomial,socket,43,524288,734.78
Binomial,socket,43,1048576,1438.70
Binomial,socket,44,1,2.93
Binomial,socket,44,2,2.92
Binomial,socket,44,4,2.93
Binomial,socket,44,8,3.43
Binomial,socket,44,16,2.99
Binomial,socket,44,32,3.28
Binomial,socket,44,64,3.52
Binomial,socket,44,128,4.24
Binomial,socket,44,256,4.46
Binomial,socket,44,512,4.69
Binomial,socket,44,1024,5.48
Binomial,socket,44,2048,7.32
Binomial,socket,44,4096,10.78
Binomial,socket,44,8192,16.72
Binomial,socket,44,16384,26.68
Binomial,socket,44,32768,44.22
Binomial,socket,44,65536,81.59
Binomial,socket,44,131072,185.73
Binomial,socket,44,262144,378.53
Binomial,socket,44,524288,759.32
Binomial,socket,44,1048576,1458.42
Binomial,socket,45,1,2.92
Binomial,socket,45,2,2.90
Binomial,socket,45,4,2.91
Binomial,socket,45,8,3.26
Binomial,socket,45,16,3.13
Binomial,socket,45,32,3.34
Binomial,socket,45,64,3.51
Binomial,socket,45,128,4.20
Binomial,socket,45,256,4.45
Binomial,socket,45,512,4.70
Binomial,socket,45,1024,5.51
Binomial,socket,45,2048,7.43
Binomial,socket,45,4096,11.11
Binomial,socket,45,8192,17.24
Binomial,socket,45,16384,27.55
Binomial,socket,45,32768,46.14
Binomial,socket,45,65536,85.82
Binomial,socket,45,131072,196.35
Binomial,socket,45,262144,395.86
Binomial,socket,45,524288,795.91
Binomial,socket,45,1048576,1570.90
Binomial,socket,46,1,2.90
Binomial,socket,46,2,2.86
Binomial,socket,46,4,2.89
Binomial,socket,46,8,3.33
Binomial,socket,46,16,2.90
Binomial,socket,46,32,3.24
Binomial,socket,46,64,3.49
Binomial,socket,46,128,4.18
Binomial,socket,46,256,4.49
Binomial,socket,46,512,4.68
Binomial,socket,46,1024,5.54
Binomial,socket,46,2048,7.47
Binomial,socket,46,4096,11.33
Binomial,socket,46,8192,17.42
Binomial,socket,46,16384,28.35
Binomial,socket,46,32768,47.41
Binomial,socket,46,65536,88.67
Binomial,socket,46,131072,205.43
Binomial,socket,46,262144,397.45
Binomial,socket,46,524288,789.69
Binomial,socket,46,1048576,1537.32
Binomial,socket,47,1,2.84
Binomial,socket,47,2,2.83
Binomial,socket,47,4,2.83
Binomial,socket,47,8,3.34
Binomial,socket,47,16,2.93
Binomial,socket,47,32,3.21
Binomial,socket,47,64,3.45
Binomial,socket,47,128,4.13
Binomial,socket,47,256,4.44
Binomial,socket,47,512,4.64
Binomial,socket,47,1024,5.54
Binomial,socket,47,2048,7.56
Binomial,socket,47,4096,11.62
Binomial,socket,47,8192,18.21
Binomial,socket,47,16384,28.92
Binomial,socket,47,32768,48.71
Binomial,socket,47,65536,91.00
Binomial,socket,47,131072,210.73
Binomial,socket,47,262144,425.61
Binomial,socket,47,524288,854.50
Binomial,socket,47,1048576,1674.19
Binomial,socket,48,1,2.82
Binomial,socket,48,2,2.82
Binomial,socket,48,4,2.80
Binomial,socket,48,8,3.32
Binomial,socket,48,16,2.83
Binomial,socket,48,32,3.20
Binomial,socket,48,64,3.46
Binomial,socket,48,128,4.12
Binomial,socket,48,256,4.45
Binomial,socket,48,512,4.74
Binomial,socket,48,1024,5.63
Binomial,socket,48,2048,7.66
Binomial,socket,48,4096,11.76
Binomial,socket,48,8192,18.69
Binomial,socket,48,16384,29.16
Binomial,socket,48,32768,49.74
Binomial,socket,48,65536,93.73
Binomial,socket,48,131072,209.10
Binomial,socket,48,262144,409.47
Binomial,socket,48,524288,839.76
Binomial,socket,48,1048576,1651.85
Binomial,node,2,1,1.04
Binomial,node,2,2,1.01
Binomial,node,2,4,1.02
Binomial,node,2,8,1.03
Binomial,node,2,16,1.04
Binomial,node,2,32,1.05
Binomial,node,2,64,1.28
Binomial,node,2,128,1.13
Binomial,node,2,256,1.25
Binomial,node,2,512,1.28
Binomial,node,2,1024,1.42
Binomial,node,2,2048,1.77
Binomial,node,2,4096,3.19
Binomial,node,2,8192,3.95
Binomial,node,2,16384,5.68
Binomial,node,2,32768,9.28
Binomial,node,2,65536,12.08
Binomial,node,2,131072,21.24
Binomial,node,2,262144,32.11
Binomial,node,2,524288,53.37
Binomial,node,2,1048576,95.98
Binomial,node,3,1,1.23
Binomial,node,3,2,1.18
Binomial,node,3,4,1.20
Binomial,node,3,8,1.18
Binomial,node,3,16,1.20
Binomial,node,3,32,1.20
Binomial,node,3,64,1.51
Binomial,node,3,128,1.30
Binomial,node,3,256,1.50
Binomial,node,3,512,1.57
Binomial,node,3,1024,1.79
Binomial,node,3,2048,2.32
Binomial,node,3,4096,3.23
Binomial,node,3,8192,4.44
Binomial,node,3,16384,5.97
Binomial,node,3,32768,8.84
Binomial,node,3,65536,13.03
Binomial,node,3,131072,20.81
Binomial,node,3,262144,32.90
Binomial,node,3,524288,55.04
Binomial,node,3,1048576,104.05
Binomial,node,4,1,0.40
Binomial,node,4,2,0.36
Binomial,node,4,4,0.37
Binomial,node,4,8,0.36
Binomial,node,4,16,0.37
Binomial,node,4,32,0.57
Binomial,node,4,64,0.69
Binomial,node,4,128,0.80
Binomial,node,4,256,1.01
Binomial,node,4,512,1.16
Binomial,node,4,1024,1.44
Binomial,node,4,2048,2.03
Binomial,node,4,4096,3.45
Binomial,node,4,8192,5.37
Binomial,node,4,16384,8.76
Binomial,node,4,32768,13.66
Binomial,node,4,65536,21.17
Binomial,node,4,131072,36.28
Binomial,node,4,262144,52.20
Binomial,node,4,524288,90.55
Binomial,node,4,1048576,176.52
Binomial,node,5,1,0.48
Binomial,node,5,2,0.47
Binomial,node,5,4,0.46
Binomial,node,5,8,0.47
Binomial,node,5,16,0.47
Binomial,node,5,32,0.70
Binomial,node,5,64,0.80
Binomial,node,5,128,0.94
Binomial,node,5,256,1.16
Binomial,node,5,512,1.29
Binomial,node,5,1024,1.60
Binomial,node,5,2048,2.29
Binomial,node,5,4096,3.70
Binomial,node,5,8192,5.71
Binomial,node,5,16384,9.92
Binomial,node,5,32768,15.36
Binomial,node,5,65536,23.47
Binomial,node,5,131072,39.74
Binomial,node,5,262144,55.54
Binomial,node,5,524288,103.62
Binomial,node,5,1048576,216.76
Binomial,node,6,1,0.54
Binomial,node,6,2,0.52
Binomial,node,6,4,0.52
Binomial,node,6,8,0.52
Binomial,node,6,16,0.53
Binomial,node,6,32,0.84
Binomial,node,6,64,0.90
Binomial,node,6,128,1.11
Binomial,node,6,256,1.34
Binomial,node,6,512,1.48
Binomial,node,6,1024,1.82
Binomial,node,6,2048,2.71
Binomial,node,6,4096,4.34
Binomial,node,6,8192,6.35
Binomial,node,6,16384,11.38
Binomial,node,6,32768,17.70
Binomial,node,6,65536,26.93
Binomial,node,6,131072,47.83
Binomial,node,6,262144,79.88
Binomial,node,6,524288,149.85
Binomial,node,6,1048576,300.93
Binomial,node,7,1,0.93
Binomial,node,7,2,0.78
Binomial,node,7,4,0.76
Binomial,node,7,8,0.78
Binomial,node,7,16,0.75
Binomial,node,7,32,1.01
Binomial,node,7,64,1.08
Binomial,node,7,128,1.39
Binomial,node,7,256,1.63
Binomial,node,7,512,1.76
Binomial,node,7,1024,2.18
Binomial,node,7,2048,3.13
Binomial,node,7,4096,4.60
Binomial,node,7,8192,6.87
Binomial,node,7,16384,12.52
Binomial,node,7,32768,19.87
Binomial,node,7,65536,29.45
Binomial,node,7,131072,52.19
Binomial,node,7,262144,87.90
Binomial,node,7,524288,166.10
Binomial,node,7,1048576,323.53
Binomial,node,8,1,1.77
Binomial,node,8,2,1.68
Binomial,node,8,4,1.69
Binomial,node,8,8,1.68
Binomial,node,8,16,1.70
Binomial,node,8,32,1.92
Binomial,node,8,64,2.20
Binomial,node,8,128,2.43
Binomial,node,8,256,2.86
Binomial,node,8,512,3.21
Binomial,node,8,1024,3.31
Binomial,node,8,2048,4.30
Binomial,node,8,4096,5.97
Binomial,node,8,8192,8.53
Binomial,node,8,16384,14.94
Binomial,node,8,32768,23.91
Binomial,node,8,65536,35.86
Binomial,node,8,131072,61.28
Binomial,node,8,262144,102.46
Binomial,node,8,524288,187.64
Binomial,node,8,1048576,366.56
Binomial,node,9,1,2.25
Binomial,node,9,2,2.00
Binomial,node,9,4,2.01
Binomial,node,9,8,1.99
Binomial,node,9,16,2.01
Binomial,node,9,32,2.25
Binomial,node,9,64,2.45
Binomial,node,9,128,2.80
Binomial,node,9,256,3.27
Binomial,node,9,512,3.21
Binomial,node,9,1024,3.66
Binomial,node,9,2048,4.58
Binomial,node,9,4096,6.23
Binomial,node,9,8192,8.82
Binomial,node,9,16384,15.88
Binomial,node,9,32768,23.63
Binomial,node,9,65536,38.89
Binomial,node,9,131072,69.24
Binomial,node,9,262144,123.86
Binomial,node,9,524288,235.05
Binomial,node,9,1048576,448.82
Binomial,node,10,1,2.19
Binomial,node,10,2,2.08
Binomial,node,10,4,2.02
Binomial,node,10,8,2.07
Binomial,node,10,16,2.03
Binomial,node,10,32,2.36
Binomial,node,10,64,2.53
Binomial,node,10,128,3.02
Binomial,node,10,256,3.43
Binomial,node,10,512,3.35
Binomial,node,10,1024,3.83
Binomial,node,10,2048,4.74
Binomial,node,10,4096,6.41
Binomial,node,10,8192,9.15
Binomial,node,10,16384,16.57
Binomial,node,10,32768,24.73
Binomial,node,10,65536,43.24
Binomial,node,10,131072,81.51
Binomial,node,10,262144,144.84
Binomial,node,10,524288,279.37
Binomial,node,10,1048576,488.12
Binomial,node,11,1,1.77
Binomial,node,11,2,1.72
Binomial,node,11,4,1.75
Binomial,node,11,8,1.68
Binomial,node,11,16,1.74
Binomial,node,11,32,1.95
Binomial,node,11,64,2.30
Binomial,node,11,128,2.78
Binomial,node,11,256,3.02
Binomial,node,11,512,3.14
Binomial,node,11,1024,3.62
Binomial,node,11,2048,4.74
Binomial,node,11,4096,6.50
Binomial,node,11,8192,9.19
Binomial,node,11,16384,17.09
Binomial,node,11,32768,26.03
Binomial,node,11,65536,45.94
Binomial,node,11,131072,84.92
Binomial,node,11,262144,148.69
Binomial,node,11,524288,288.82
Binomial,node,11,1048576,502.45
Binomial,node,12,1,2.10
Binomial,node,12,2,2.04
Binomial,node,12,4,2.08
Binomial,node,12,8,2.00
Binomial,node,12,16,2.08
Binomial,node,12,32,2.25
Binomial,node,12,64,2.47
Binomial,node,12,128,3.24
Binomial,node,12,256,3.15
Binomial,node,12,512,3.32
Binomial,node,12,1024,3.88
Binomial,node,12,2048,4.95
Binomial,node,12,4096,6.80
Binomial,node,12,8192,9.48
Binomial,node,12,16384,17.88
Binomial,node,12,32768,26.87
Binomial,node,12,65536,47.51
Binomial,node,12,131072,91.14
Binomial,node,12,262144,161.22
Binomial,node,12,524288,312.31
Binomial,node,12,1048576,535.94
Binomial,node,13,1,1.95
Binomial,node,13,2,1.90
Binomial,node,13,4,1.94
Binomial,node,13,8,1.90
Binomial,node,13,16,1.95
Binomial,node,13,32,2.10
Binomial,node,13,64,2.31
Binomial,node,13,128,3.13
Binomial,node,13,256,2.97
Binomial,node,13,512,3.13
Binomial,node,13,1024,3.72
Binomial,node,13,2048,4.80
Binomial,node,13,4096,6.68
Binomial,node,13,8192,9.38
Binomial,node,13,16384,17.56
Binomial,node,13,32768,27.00
Binomial,node,13,65536,47.04
Binomial,node,13,131072,89.41
Binomial,node,13,262144,161.51
Binomial,node,13,524288,318.11
Binomial,node,13,1048576,529.20
Binomial,node,14,1,1.99
Binomial,node,14,2,1.96
Binomial,node,14,4,1.94
Binomial,node,14,8,1.95
Binomial,node,14,16,1.95
Binomial,node,14,32,2.22
Binomial,node,14,64,2.35
Binomial,node,14,128,3.21
Binomial,node,14,256,3.03
Binomial,node,14,512,3.19
Binomial,node,14,1024,3.75
Binomial,node,14,2048,4.84
Binomial,node,14,4096,6.75
Binomial,node,14,8192,9.54
Binomial,node,14,16384,18.32
Binomial,node,14,32768,27.81
Binomial,node,14,65536,48.24
Binomial,node,14,131072,95.97
Binomial,node,14,262144,164.81
Binomial,node,14,524288,319.15
Binomial,node,14,1048576,551.16
Binomial,node,15,1,1.80
Binomial,node,15,2,1.78
Binomial,node,15,4,1.80
Binomial,node,15,8,1.79
Binomial,node,15,16,1.80
Binomial,node,15,32,2.13
Binomial,node,15,64,2.35
Binomial,node,15,128,3.06
Binomial,node,15,256,3.02
Binomial,node,15,512,3.17
Binomial,node,15,1024,3.76
Binomial,node,15,2048,4.83
Binomial,node,15,4096,6.84
Binomial,node,15,8192,9.70
Binomial,node,15,16384,18.23
Binomial,node,15,32768,27.82
Binomial,node,15,65536,47.71
Binomial,node,15,131072,92.42
Binomial,node,15,262144,166.46
Binomial,node,15,524288,330.24
Binomial,node,15,1048576,556.18
Binomial,node,16,1,2.10
Binomial,node,16,2,2.01
Binomial,node,16,4,2.03
Binomial,node,16,8,1.98
Binomial,node,16,16,2.02
Binomial,node,16,32,2.35
Binomial,node,16,64,2.61
Binomial,node,16,128,3.42
Binomial,node,16,256,3.26
Binomial,node,16,512,3.42
Binomial,node,16,1024,3.96
Binomial,node,16,2048,5.11
Binomial,node,16,4096,7.04
Binomial,node,16,8192,10.18
Binomial,node,16,16384,19.54
Binomial,node,16,32768,29.23
Binomial,node,16,65536,50.62
Binomial,node,16,131072,96.11
Binomial,node,16,262144,172.98
Binomial,node,16,524288,333.60
Binomial,node,16,1048576,567.90
Binomial,node,17,1,2.43
Binomial,node,17,2,2.37
Binomial,node,17,4,2.43
Binomial,node,17,8,2.35
Binomial,node,17,16,2.40
Binomial,node,17,32,2.71
Binomial,node,17,64,3.39
Binomial,node,17,128,3.54
Binomial,node,17,256,3.61
Binomial,node,17,512,3.80
Binomial,node,17,1024,4.40
Binomial,node,17,2048,5.44
Binomial,node,17,4096,7.42
Binomial,node,17,8192,10.42
Binomial,node,17,16384,19.89
Binomial,node,17,32768,29.51
Binomial,node,17,65536,50.75
Binomial,node,17,131072,90.65
Binomial,node,17,262144,173.24
Binomial,node,17,524288,337.57
Binomial,node,17,1048576,598.05
Binomial,node,18,1,2.28
Binomial,node,18,2,2.26
Binomial,node,18,4,2.25
Binomial,node,18,8,2.23
Binomial,node,18,16,2.24
Binomial,node,18,32,2.54
Binomial,node,18,64,3.27
Binomial,node,18,128,3.41
Binomial,node,18,256,3.57
Binomial,node,18,512,3.82
Binomial,node,18,1024,4.41
Binomial,node,18,2048,5.54
Binomial,node,18,4096,7.54
Binomial,node,18,8192,10.67
Binomial,node,18,16384,20.19
Binomial,node,18,32768,30.46
Binomial,node,18,65536,53.10
Binomial,node,18,131072,91.74
Binomial,node,18,262144,176.78
Binomial,node,18,524288,344.50
Binomial,node,18,1048576,612.61
Binomial,node,19,1,2.13
Binomial,node,19,2,2.07
Binomial,node,19,4,2.08
Binomial,node,19,8,2.09
Binomial,node,19,16,2.09
Binomial,node,19,32,2.52
Binomial,node,19,64,3.22
Binomial,node,19,128,3.33
Binomial,node,19,256,3.52
Binomial,node,19,512,3.73
Binomial,node,19,1024,4.31
Binomial,node,19,2048,5.46
Binomial,node,19,4096,7.53
Binomial,node,19,8192,10.57
Binomial,node,19,16384,20.02
Binomial,node,19,32768,30.60
Binomial,node,19,65536,52.69
Binomial,node,19,131072,92.91
Binomial,node,19,262144,178.20
Binomial,node,19,524288,348.97
Binomial,node,19,1048576,623.24
Binomial,node,20,1,2.33
Binomial,node,20,2,2.25
Binomial,node,20,4,2.26
Binomial,node,20,8,2.25
Binomial,node,20,16,2.25
Binomial,node,20,32,2.55
Binomial,node,20,64,3.10
Binomial,node,20,128,3.42
Binomial,node,20,256,3.48
Binomial,node,20,512,3.69
Binomial,node,20,1024,4.28
Binomial,node,20,2048,5.42
Binomial,node,20,4096,7.50
Binomial,node,20,8192,10.60
Binomial,node,20,16384,21.09
Binomial,node,20,32768,32.33
Binomial,node,20,65536,56.96
Binomial,node,20,131072,99.73
Binomial,node,20,262144,189.33
Binomial,node,20,524288,368.05
Binomial,node,20,1048576,650.73
Binomial,node,21,1,2.15
Binomial,node,21,2,2.08
Binomial,node,21,4,2.10
Binomial,node,21,8,2.06
Binomial,node,21,16,2.10
Binomial,node,21,32,2.40
Binomial,node,21,64,2.97
Binomial,node,21,128,3.14
Binomial,node,21,256,3.36
Binomial,node,21,512,3.59
Binomial,node,21,1024,4.19
Binomial,node,21,2048,5.32
Binomial,node,21,4096,7.50
Binomial,node,21,8192,10.66
Binomial,node,21,16384,20.67
Binomial,node,21,32768,32.13
Binomial,node,21,65536,56.94
Binomial,node,21,131072,102.92
Binomial,node,21,262144,194.99
Binomial,node,21,524288,380.11
Binomial,node,21,1048576,665.99
Binomial,node,22,1,2.24
Binomial,node,22,2,2.16
Binomial,node,22,4,2.18
Binomial,node,22,8,2.15
Binomial,node,22,16,2.18
Binomial,node,22,32,2.47
Binomial,node,22,64,3.16
Binomial,node,22,128,3.18
Binomial,node,22,256,3.45
Binomial,node,22,512,3.66
Binomial,node,22,1024,4.30
Binomial,node,22,2048,5.42
Binomial,node,22,4096,7.60
Binomial,node,22,8192,10.93
Binomial,node,22,16384,21.19
Binomial,node,22,32768,33.01
Binomial,node,22,65536,57.32
Binomial,node,22,131072,101.22
Binomial,node,22,262144,187.87
Binomial,node,22,524288,363.40
Binomial,node,22,1048576,651.55
Binomial,node,23,1,2.07
Binomial,node,23,2,2.02
Binomial,node,23,4,2.02
Binomial,node,23,8,2.02
Binomial,node,23,16,2.03
Binomial,node,23,32,2.41
Binomial,node,23,64,3.03
Binomial,node,23,128,3.21
Binomial,node,23,256,3.35
Binomial,node,23,512,3.58
Binomial,node,23,1024,4.16
Binomial,node,23,2048,5.38
Binomial,node,23,4096,7.47
Binomial,node,23,8192,10.83
Binomial,node,23,16384,21.27
Binomial,node,23,32768,32.91
Binomial,node,23,65536,58.33
Binomial,node,23,131072,103.83
Binomial,node,23,262144,200.77
Binomial,node,23,524288,389.03
Binomial,node,23,1048576,691.67
Binomial,node,24,1,2.19
Binomial,node,24,2,2.10
Binomial,node,24,4,2.15
Binomial,node,24,8,2.08
Binomial,node,24,16,2.14
Binomial,node,24,32,2.44
Binomial,node,24,64,3.13
Binomial,node,24,128,3.17
Binomial,node,24,256,3.43
Binomial,node,24,512,3.66
Binomial,node,24,1024,4.32
Binomial,node,24,2048,5.50
Binomial,node,24,4096,7.67
Binomial,node,24,8192,10.85
Binomial,node,24,16384,21.38
Binomial,node,24,32768,33.18
Binomial,node,24,65536,59.95
Binomial,node,24,131072,108.48
Binomial,node,24,262144,206.75
Binomial,node,24,524288,383.98
Binomial,node,24,1048576,670.86
Binomial,node,25,1,2.01
Binomial,node,25,2,2.03
Binomial,node,25,4,2.02
Binomial,node,25,8,2.01
Binomial,node,25,16,2.03
Binomial,node,25,32,2.35
Binomial,node,25,64,2.83
Binomial,node,25,128,3.10
Binomial,node,25,256,3.34
Binomial,node,25,512,3.56
Binomial,node,25,1024,4.20
Binomial,node,25,2048,5.39
Binomial,node,25,4096,7.54
Binomial,node,25,8192,10.74
Binomial,node,25,16384,21.41
Binomial,node,25,32768,33.52
Binomial,node,25,65536,59.18
Binomial,node,25,131072,104.55
Binomial,node,25,262144,199.58
Binomial,node,25,524288,390.04
Binomial,node,25,1048576,700.22
Binomial,node,26,1,2.22
Binomial,node,26,2,2.17
Binomial,node,26,4,2.19
Binomial,node,26,8,2.19
Binomial,node,26,16,2.19
Binomial,node,26,32,2.94
Binomial,node,26,64,2.77
Binomial,node,26,128,3.17
Binomial,node,26,256,3.45
Binomial,node,26,512,3.66
Binomial,node,26,1024,4.33
Binomial,node,26,2048,5.51
Binomial,node,26,4096,7.73
Binomial,node,26,8192,10.96
Binomial,node,26,16384,21.72
Binomial,node,26,32768,34.07
Binomial,node,26,65536,58.62
Binomial,node,26,131072,100.30
Binomial,node,26,262144,191.51
Binomial,node,26,524288,364.63
Binomial,node,26,1048576,646.81
Binomial,node,27,1,2.15
Binomial,node,27,2,2.08
Binomial,node,27,4,2.10
Binomial,node,27,8,2.06
Binomial,node,27,16,2.11
Binomial,node,27,32,2.66
Binomial,node,27,64,2.68
Binomial,node,27,128,3.13
Binomial,node,27,256,3.39
Binomial,node,27,512,3.60
Binomial,node,27,1024,4.26
Binomial,node,27,2048,5.44
Binomial,node,27,4096,7.72
Binomial,node,27,8192,10.86
Binomial,node,27,16384,22.12
Binomial,node,27,32768,34.60
Binomial,node,27,65536,60.05
Binomial,node,27,131072,105.50
Binomial,node,27,262144,202.61
Binomial,node,27,524288,397.51
Binomial,node,27,1048576,713.00
Binomial,node,28,1,2.17
Binomial,node,28,2,2.12
Binomial,node,28,4,2.13
Binomial,node,28,8,2.12
Binomial,node,28,16,2.12
Binomial,node,28,32,2.39
Binomial,node,28,64,2.99
Binomial,node,28,128,3.16
Binomial,node,28,256,3.43
Binomial,node,28,512,3.63
Binomial,node,28,1024,4.29
Binomial,node,28,2048,5.55
Binomial,node,28,4096,7.84
Binomial,node,28,8192,11.12
Binomial,node,28,16384,22.35
Binomial,node,28,32768,34.63
Binomial,node,28,65536,60.59
Binomial,node,28,131072,108.47
Binomial,node,28,262144,209.86
Binomial,node,28,524288,400.68
Binomial,node,28,1048576,679.26
Binomial,node,29,1,2.14
Binomial,node,29,2,2.13
Binomial,node,29,4,2.12
Binomial,node,29,8,2.13
Binomial,node,29,16,2.13
Binomial,node,29,32,2.68
Binomial,node,29,64,2.76
Binomial,node,29,128,3.14
Binomial,node,29,256,3.40
Binomial,node,29,512,3.61
Binomial,node,29,1024,4.27
Binomial,node,29,2048,5.53
Binomial,node,29,4096,7.90
Binomial,node,29,8192,11.24
Binomial,node,29,16384,22.38
Binomial,node,29,32768,35.08
Binomial,node,29,65536,60.63
Binomial,node,29,131072,111.17
Binomial,node,29,262144,212.03
Binomial,node,29,524288,410.84
Binomial,node,29,1048576,728.21
Binomial,node,30,1,2.11
Binomial,node,30,2,2.11
Binomial,node,30,4,2.11
Binomial,node,30,8,2.12
Binomial,node,30,16,2.12
Binomial,node,30,32,2.58
Binomial,node,30,64,2.82
Binomial,node,30,128,3.19
Binomial,node,30,256,3.44
Binomial,node,30,512,3.64
Binomial,node,30,1024,4.35
Binomial,node,30,2048,5.58
Binomial,node,30,4096,7.92
Binomial,node,30,8192,11.24
Binomial,node,30,16384,22.91
Binomial,node,30,32768,35.74
Binomial,node,30,65536,63.08
Binomial,node,30,131072,107.27
Binomial,node,30,262144,205.56
Binomial,node,30,524288,398.62
Binomial,node,30,1048576,699.67
Binomial,node,31,1,2.14
Binomial,node,31,2,2.12
Binomial,node,31,4,2.09
Binomial,node,31,8,2.10
Binomial,node,31,16,2.11
Binomial,node,31,32,2.87
Binomial,node,31,64,2.69
Binomial,node,31,128,3.23
Binomial,node,31,256,3.47
Binomial,node,31,512,3.66
Binomial,node,31,1024,4.35
Binomial,node,31,2048,5.58
Binomial,node,31,4096,7.92
Binomial,node,31,8192,11.34
Binomial,node,31,16384,23.26
Binomial,node,31,32768,35.58
Binomial,node,31,65536,64.29
Binomial,node,31,131072,112.62
Binomial,node,31,262144,215.52
Binomial,node,31,524288,422.06
Binomial,node,31,1048576,742.45
Binomial,node,32,1,2.15
Binomial,node,32,2,2.07
Binomial,node,32,4,2.09
Binomial,node,32,8,2.07
Binomial,node,32,16,2.10
Binomial,node,32,32,2.39
Binomial,node,32,64,3.64
Binomial,node,32,128,3.27
Binomial,node,32,256,3.56
Binomial,node,32,512,3.80
Binomial,node,32,1024,4.43
Binomial,node,32,2048,5.79
Binomial,node,32,4096,8.25
Binomial,node,32,8192,11.75
Binomial,node,32,16384,23.62
Binomial,node,32,32768,36.22
Binomial,node,32,65536,63.79
Binomial,node,32,131072,114.53
Binomial,node,32,262144,217.28
Binomial,node,32,524288,415.50
Binomial,node,32,1048576,720.16
Binomial,node,33,1,2.69
Binomial,node,33,2,2.65
Binomial,node,33,4,2.67
Binomial,node,33,8,2.65
Binomial,node,33,16,2.66
Binomial,node,33,32,3.45
Binomial,node,33,64,3.35
Binomial,node,33,128,3.79
Binomial,node,33,256,4.06
Binomial,node,33,512,4.29
Binomial,node,33,1024,4.99
Binomial,node,33,2048,6.35
Binomial,node,33,4096,9.01
Binomial,node,33,8192,12.51
Binomial,node,33,16384,24.50
Binomial,node,33,32768,37.99
Binomial,node,33,65536,65.73
Binomial,node,33,131072,117.53
Binomial,node,33,262144,223.59
Binomial,node,33,524288,432.92
Binomial,node,33,1048576,761.66
Binomial,node,34,1,2.64
Binomial,node,34,2,2.62
Binomial,node,34,4,2.64
Binomial,node,34,8,2.62
Binomial,node,34,16,2.98
Binomial,node,34,32,3.24
Binomial,node,34,64,3.32
Binomial,node,34,128,3.78
Binomial,node,34,256,4.09
Binomial,node,34,512,4.31
Binomial,node,34,1024,5.00
Binomial,node,34,2048,6.29
Binomial,node,34,4096,8.74
Binomial,node,34,8192,12.19
Binomial,node,34,16384,24.14
Binomial,node,34,32768,37.16
Binomial,node,34,65536,65.53
Binomial,node,34,131072,117.27
Binomial,node,34,262144,225.43
Binomial,node,34,524288,424.63
Binomial,node,34,1048576,753.74
Binomial,node,35,1,2.49
Binomial,node,35,2,2.48
Binomial,node,35,4,2.47
Binomial,node,35,8,2.44
Binomial,node,35,16,2.73
Binomial,node,35,32,3.20
Binomial,node,35,64,3.16
Binomial,node,35,128,3.69
Binomial,node,35,256,4.00
Binomial,node,35,512,4.21
Binomial,node,35,1024,4.95
Binomial,node,35,2048,6.24
Binomial,node,35,4096,8.83
Binomial,node,35,8192,12.39
Binomial,node,35,16384,24.53
Binomial,node,35,32768,38.43
Binomial,node,35,65536,68.08
Binomial,node,35,131072,121.01
Binomial,node,35,262144,228.79
Binomial,node,35,524288,441.15
Binomial,node,35,1048576,808.47
Binomial,node,36,1,2.54
Binomial,node,36,2,2.47
Binomial,node,36,4,2.49
Binomial,node,36,8,2.47
Binomial,node,36,16,3.37
Binomial,node,36,32,2.84
Binomial,node,36,64,3.12
Binomial,node,36,128,3.66
Binomial,node,36,256,3.94
Binomial,node,36,512,4.15
Binomial,node,36,1024,4.90
Binomial,node,36,2048,6.22
Binomial,node,36,4096,8.63
Binomial,node,36,8192,12.27
Binomial,node,36,16384,24.56
Binomial,node,36,32768,38.17
Binomial,node,36,65536,70.03
Binomial,node,36,131072,123.66
Binomial,node,36,262144,233.74
Binomial,node,36,524288,448.46
Binomial,node,36,1048576,814.98
Binomial,node,37,1,2.55
Binomial,node,37,2,2.47
Binomial,node,37,4,2.48
Binomial,node,37,8,2.46
Binomial,node,37,16,2.94
Binomial,node,37,32,2.99
Binomial,node,37,64,3.12
Binomial,node,37,128,3.67
Binomial,node,37,256,3.94
Binomial,node,37,512,4.17
Binomial,node,37,1024,4.93
Binomial,node,37,2048,6.23
Binomial,node,37,4096,8.66
Binomial,node,37,8192,12.28
Binomial,node,37,16384,24.60
Binomial,node,37,32768,38.09
Binomial,node,37,65536,70.09
Binomial,node,37,131072,123.97
Binomial,node,37,262144,235.55
Binomial,node,37,524288,448.36
Binomial,node,37,1048576,805.23
Binomial,node,38,1,2.46
Binomial,node,38,2,2.42
Binomial,node,38,4,2.43
Binomial,node,38,8,2.42
Binomial,node,38,16,3.20
Binomial,node,38,32,2.82
Binomial,node,38,64,3.10
Binomial,node,38,128,3.61
Binomial,node,38,256,3.92
Binomial,node,38,512,4.17
Binomial,node,38,1024,4.89
Binomial,node,38,2048,6.22
Binomial,node,38,4096,8.70
Binomial,node,38,8192,12.56
Binomial,node,38,16384,24.27
Binomial,node,38,32768,37.77
Binomial,node,38,65536,68.50
Binomial,node,38,131072,122.86
Binomial,node,38,262144,235.02
Binomial,node,38,524288,460.89
Binomial,node,38,1048576,832.56
Binomial,node,39,1,2.29
Binomial,node,39,2,2.26
Binomial,node,39,4,2.26
Binomial,node,39,8,2.26
Binomial,node,39,16,2.26
Binomial,node,39,32,3.34
Binomial,node,39,64,3.06
Binomial,node,39,128,3.54
Binomial,node,39,256,3.83
Binomial,node,39,512,4.12
Binomial,node,39,1024,4.87
Binomial,node,39,2048,6.17
Binomial,node,39,4096,8.61
Binomial,node,39,8192,12.24
Binomial,node,39,16384,24.35
Binomial,node,39,32768,38.64
Binomial,node,39,65536,71.62
Binomial,node,39,131072,125.23
Binomial,node,39,262144,239.00
Binomial,node,39,524288,449.69
Binomial,node,39,1048576,838.97
Binomial,node,40,1,2.43
Binomial,node,40,2,2.45
Binomial,node,40,4,2.43
Binomial,node,40,8,2.43
Binomial,node,40,16,3.18
Binomial,node,40,32,2.83
Binomial,node,40,64,3.02
Binomial,node,40,128,3.61
Binomial,node,40,256,3.87
Binomial,node,40,512,4.11
Binomial,node,40,1024,4.83
Binomial,node,40,2048,6.10
Binomial,node,40,4096,8.55
Binomial,node,40,8192,12.22
Binomial,node,40,16384,25.27
Binomial,node,40,32768,39.47
Binomial,node,40,65536,72.57
Binomial,node,40,131072,129.01
Binomial,node,40,262144,243.12
Binomial,node,40,524288,457.26
Binomial,node,40,1048576,814.17
Binomial,node,41,1,2.46
Binomial,node,41,2,2.38
Binomial,node,41,4,2.40
Binomial,node,41,8,2.47
Binomial,node,41,16,3.11
Binomial,node,41,32,2.85
Binomial,node,41,64,3.03
Binomial,node,41,128,3.60
Binomial,node,41,256,3.86
Binomial,node,41,512,4.06
Binomial,node,41,1024,4.80
Binomial,node,41,2048,6.09
Binomial,node,41,4096,8.53
Binomial,node,41,8192,12.18
Binomial,node,41,16384,25.36
Binomial,node,41,32768,39.79
Binomial,node,41,65536,71.82
Binomial,node,41,131072,127.40
Binomial,node,41,262144,241.36
Binomial,node,41,524288,461.56
Binomial,node,41,1048576,849.60
Binomial,node,42,1,2.36
Binomial,node,42,2,2.36
Binomial,node,42,4,2.38
Binomial,node,42,8,2.41
Binomial,node,42,16,3.18
Binomial,node,42,32,2.66
Binomial,node,42,64,2.97
Binomial,node,42,128,3.54
Binomial,node,42,256,3.82
Binomial,node,42,512,4.05
Binomial,node,42,1024,4.81
Binomial,node,42,2048,6.05
Binomial,node,42,4096,8.50
Binomial,node,42,8192,12.16
Binomial,node,42,16384,24.57
Binomial,node,42,32768,38.92
Binomial,node,42,65536,70.30
Binomial,node,42,131072,126.03
Binomial,node,42,262144,239.62
Binomial,node,42,524288,468.46
Binomial,node,42,1048576,851.09
Binomial,node,43,1,2.30
Binomial,node,43,2,2.33
Binomial,node,43,4,2.35
Binomial,node,43,8,2.58
Binomial,node,43,16,2.77
Binomial,node,43,32,2.70
Binomial,node,43,64,2.94
Binomial,node,43,128,3.56
Binomial,node,43,256,3.79
Binomial,node,43,512,4.09
Binomial,node,43,1024,4.80
Binomial,node,43,2048,6.15
Binomial,node,43,4096,8.57
Binomial,node,43,8192,12.19
Binomial,node,43,16384,24.88
Binomial,node,43,32768,39.23
Binomial,node,43,65536,71.50
Binomial,node,43,131072,127.38
Binomial,node,43,262144,240.54
Binomial,node,43,524288,469.52
Binomial,node,43,1048576,868.05
Binomial,node,44,1,2.36
Binomial,node,44,2,2.40
Binomial,node,44,4,2.37
Binomial,node,44,8,2.42
Binomial,node,44,16,3.03
Binomial,node,44,32,2.72
Binomial,node,44,64,2.95
Binomial,node,44,128,3.57
Binomial,node,44,256,3.78
Binomial,node,44,512,4.08
Binomial,node,44,1024,4.83
Binomial,node,44,2048,6.13
Binomial,node,44,4096,8.60
Binomial,node,44,8192,12.33
Binomial,node,44,16384,25.06
Binomial,node,44,32768,39.63
Binomial,node,44,65536,72.03
Binomial,node,44,131072,128.40
Binomial,node,44,262144,246.59
Binomial,node,44,524288,479.67
Binomial,node,44,1048576,871.27
Binomial,node,45,1,2.33
Binomial,node,45,2,2.30
Binomial,node,45,4,2.35
Binomial,node,45,8,2.34
Binomial,node,45,16,3.02
Binomial,node,45,32,2.73
Binomial,node,45,64,2.85
Binomial,node,45,128,3.52
Binomial,node,45,256,3.74
Binomial,node,45,512,3.95
Binomial,node,45,1024,4.75
Binomial,node,45,2048,6.06
Binomial,node,45,4096,8.53
Binomial,node,45,8192,12.20
Binomial,node,45,16384,25.12
Binomial,node,45,32768,40.09
Binomial,node,45,65536,72.10
Binomial,node,45,131072,128.59
Binomial,node,45,262144,244.94
Binomial,node,45,524288,478.62
Binomial,node,45,1048576,880.69
Binomial,node,46,1,2.40
Binomial,node,46,2,2.39
Binomial,node,46,4,2.41
Binomial,node,46,8,2.87
Binomial,node,46,16,2.61
Binomial,node,46,32,2.70
Binomial,node,46,64,2.93
Binomial,node,46,128,3.59
Binomial,node,46,256,3.87
Binomial,node,46,512,4.10
Binomial,node,46,1024,4.86
Binomial,node,46,2048,6.15
Binomial,node,46,4096,8.65
Binomial,node,46,8192,12.33
Binomial,node,46,16384,25.24
Binomial,node,46,32768,40.16
Binomial,node,46,65536,73.52
Binomial,node,46,131072,131.34
Binomial,node,46,262144,248.94
Binomial,node,46,524288,484.64
Binomial,node,46,1048576,890.74
Binomial,node,47,1,2.34
Binomial,node,47,2,2.29
Binomial,node,47,4,2.29
Binomial,node,47,8,2.71
Binomial,node,47,16,2.56
Binomial,node,47,32,2.75
Binomial,node,47,64,2.91
Binomial,node,47,128,3.58
Binomial,node,47,256,3.84
Binomial,node,47,512,4.08
Binomial,node,47,1024,4.84
Binomial,node,47,2048,6.16
Binomial,node,47,4096,8.67
Binomial,node,47,8192,12.36
Binomial,node,47,16384,25.41
Binomial,node,47,32768,39.94
Binomial,node,47,65536,73.01
Binomial,node,47,131072,131.07
Binomial,node,47,262144,249.40
Binomial,node,47,524288,485.53
Binomial,node,47,1048576,896.33
Binomial,node,48,1,2.43
Binomial,node,48,2,2.40
Binomial,node,48,4,2.39
Binomial,node,48,8,2.77
Binomial,node,48,16,2.68
Binomial,node,48,32,2.70
Binomial,node,48,64,2.98
Binomial,node,48,128,3.60
Binomial,node,48,256,3.86
Binomial,node,48,512,4.12
Binomial,node,48,1024,4.95
Binomial,node,48,2048,6.28
Binomial,node,48,4096,8.87
Binomial,node,48,8192,12.61
Binomial,node,48,16384,25.82
Binomial,node,48,32768,40.55
Binomial,node,48,65536,75.09
Binomial,node,48,131072,135.55
Binomial,node,48,262144,255.11
Binomial,node,48,524288,500.91
Binomial,node,48,1048576,915.24
